Category,CategoryID,GO,Description,LogP,Enrichment,Z-score,#TotalGeneInLibrary,#GeneInGO,#GeneInHitList,#GeneInGOAndHitList,%InGO,STDV %InGO,GeneID,Hits,Log(q-value),GeneList
GO Biological Processes,19,GO:0032543,mitochondrial translation,-12,22,15,24152,135,88,11,12,3.5,29074|29093|51067|51264|51373|51649|63931|64968|64983|115416|118487,MRPL18|MRPL22|YARS2|MRPL27|MRPS17|MRPS23|MRPS14|MRPS6|MRPL32|MALSU1|CHCHD1,-7.3,Input ID
GO Biological Processes,19,GO:0140053,mitochondrial gene expression,-11,19,14,24152,160,88,11,12,3.5,29074|29093|51067|51264|51373|51649|63931|64968|64983|115416|118487,MRPL18|MRPL22|YARS2|MRPL27|MRPS17|MRPS23|MRPS14|MRPS6|MRPL32|MALSU1|CHCHD1,-6.9,Input ID
GO Cellular Components,20,GO:0005740,mitochondrial envelope,-11,7.1,10,24152,739,88,19,22,4.4,518|6341|29074|29078|29093|51241|51264|51373|51649|55333|55847|55967|63931|64968|64983|80777|118487|131474|134145,ATP5MC3|SCO1|MRPL18|NDUFAF4|MRPL22|COX16|MRPL27|MRPS17|MRPS23|SYNJ2BP|CISD1|NDUFA12|MRPS14|MRPS6|MRPL32|CYB5B|CHCHD1|CHCHD4|ATPSCKMT,-6.9,Input ID
GO Cellular Components,20,GO:0005761,mitochondrial ribosome,-11,28,15,24152,87,88,9,10,3.2,29074|29093|51264|51373|63931|64968|64983|115416|118487,MRPL18|MRPL22|MRPL27|MRPS17|MRPS14|MRPS6|MRPL32|MALSU1|CHCHD1,-6.9,Input ID
GO Cellular Components,20,GO:0000313,organellar ribosome,-11,28,15,24152,87,88,9,10,3.2,29074|29093|51264|51373|63931|64968|64983|115416|118487,MRPL18|MRPL22|MRPL27|MRPS17|MRPS14|MRPS6|MRPL32|MALSU1|CHCHD1,-6.9,Input ID
GO Biological Processes,19,GO:0070125,mitochondrial translational elongation,-10,28,15,24152,89,88,9,10,3.2,29074|29093|51264|51373|51649|63931|64968|64983|118487,MRPL18|MRPL22|MRPL27|MRPS17|MRPS23|MRPS14|MRPS6|MRPL32|CHCHD1,-6.9,Input ID
GO Biological Processes,19,GO:0070126,mitochondrial translational termination,-10,28,15,24152,89,88,9,10,3.2,29074|29093|51264|51373|51649|63931|64968|64983|118487,MRPL18|MRPL22|MRPL27|MRPS17|MRPS23|MRPS14|MRPS6|MRPL32|CHCHD1,-6.9,Input ID
GO Cellular Components,20,GO:0031966,mitochondrial membrane,-10,7.1,9.9,24152,697,88,18,20,4.3,518|6341|29074|29078|29093|51241|51264|51373|51649|55333|55847|55967|63931|64968|64983|80777|118487|134145,ATP5MC3|SCO1|MRPL18|NDUFAF4|MRPL22|COX16|MRPL27|MRPS17|MRPS23|SYNJ2BP|CISD1|NDUFA12|MRPS14|MRPS6|MRPL32|CYB5B|CHCHD1|ATPSCKMT,-6.8,Input ID
GO Biological Processes,19,GO:0006415,translational termination,-9.8,24,14,24152,104,88,9,10,3.2,29074|29093|51264|51373|51649|63931|64968|64983|118487,MRPL18|MRPL22|MRPL27|MRPS17|MRPS23|MRPS14|MRPS6|MRPL32|CHCHD1,-6.5,Input ID
GO Cellular Components,20,GO:0005743,mitochondrial inner membrane,-9.8,8.7,10,24152,471,88,15,17,4,518|6341|29074|29078|29093|51241|51264|51373|51649|55967|63931|64968|64983|118487|134145,ATP5MC3|SCO1|MRPL18|NDUFAF4|MRPL22|COX16|MRPL27|MRPS17|MRPS23|NDUFA12|MRPS14|MRPS6|MRPL32|CHCHD1|ATPSCKMT,-6.5,Input ID
GO Cellular Components,20,GO:0005840,ribosome,-9.5,12,11,24152,271,88,12,14,3.7,6160|6165|29074|29093|51264|51373|51649|63931|64968|64983|115416|118487,RPL31|RPL35A|MRPL18|MRPL22|MRPL27|MRPS17|MRPS23|MRPS14|MRPS6|MRPL32|MALSU1|CHCHD1,-6.2,Input ID
GO Cellular Components,20,GO:0019866,organelle inner membrane,-9.1,7.8,9.5,24152,530,88,15,17,4,518|6341|29074|29078|29093|51241|51264|51373|51649|55967|63931|64968|64983|118487|134145,ATP5MC3|SCO1|MRPL18|NDUFAF4|MRPL22|COX16|MRPL27|MRPS17|MRPS23|NDUFA12|MRPS14|MRPS6|MRPL32|CHCHD1|ATPSCKMT,-5.8,Input ID
GO Biological Processes,19,GO:0006414,translational elongation,-8.8,18,12,24152,135,88,9,10,3.2,29074|29093|51264|51373|51649|63931|64968|64983|118487,MRPL18|MRPL22|MRPL27|MRPS17|MRPS23|MRPS14|MRPS6|MRPL32|CHCHD1,-5.6,Input ID
GO Cellular Components,20,GO:0044391,ribosomal subunit,-8.7,14,11,24152,191,88,10,11,3.4,6160|6165|29074|29093|51264|51373|63931|64968|64983|115416,RPL31|RPL35A|MRPL18|MRPL22|MRPL27|MRPS17|MRPS14|MRPS6|MRPL32|MALSU1,-5.5,Input ID
GO Molecular Functions,21,GO:0003735,structural constituent of ribosome,-8.5,14,11,24152,201,88,10,11,3.4,6160|6165|29074|29093|51264|51373|51649|63931|64968|64983,RPL31|RPL35A|MRPL18|MRPL22|MRPL27|MRPS17|MRPS23|MRPS14|MRPS6|MRPL32,-5.3,Input ID
GO Cellular Components,20,GO:0098798,mitochondrial protein complex,-8.5,11,10,24152,264,88,11,12,3.5,518|29074|29093|51264|51373|55967|63931|64968|64983|115416|118487,ATP5MC3|MRPL18|MRPL22|MRPL27|MRPS17|NDUFA12|MRPS14|MRPS6|MRPL32|MALSU1|CHCHD1,-5.3,Input ID
GO Biological Processes,19,GO:0043043,peptide biosynthetic process,-8,5.9,8.2,24152,740,88,16,18,4.1,3184|5036|6160|6165|29074|29093|51067|51264|51373|51649|63931|64968|64983|79017|115416|118487,HNRNPD|PA2G4|RPL31|RPL35A|MRPL18|MRPL22|YARS2|MRPL27|MRPS17|MRPS23|MRPS14|MRPS6|MRPL32|GGCT|MALSU1|CHCHD1,-4.9,Input ID
GO Biological Processes,19,GO:0006412,translation,-7.4,5.8,7.8,24152,715,88,15,17,4,3184|5036|6160|6165|29074|29093|51067|51264|51373|51649|63931|64968|64983|115416|118487,HNRNPD|PA2G4|RPL31|RPL35A|MRPL18|MRPL22|YARS2|MRPL27|MRPS17|MRPS23|MRPS14|MRPS6|MRPL32|MALSU1|CHCHD1,-4.3,Input ID
GO Biological Processes,19,GO:0043624,cellular protein complex disassembly,-7,11,9.3,24152,217,88,9,10,3.2,29074|29093|51264|51373|51649|63931|64968|64983|118487,MRPL18|MRPL22|MRPL27|MRPS17|MRPS23|MRPS14|MRPS6|MRPL32|CHCHD1,-3.9,Input ID
GO Cellular Components,20,GO:0015934,large ribosomal subunit,-6.5,16,10,24152,120,88,7,8,2.9,6160|6165|29074|29093|51264|64983|115416,RPL31|RPL35A|MRPL18|MRPL22|MRPL27|MRPL32|MALSU1,-3.5,Input ID
GO Cellular Components,20,GO:0005759,mitochondrial matrix,-6,6.5,7.2,24152,465,88,11,12,3.5,27292|29074|29093|51067|51264|51373|63931|64968|64983|115416|118487,DIMT1|MRPL18|MRPL22|YARS2|MRPL27|MRPS17|MRPS14|MRPS6|MRPL32|MALSU1|CHCHD1,-3,Input ID
GO Cellular Components,20,GO:0000315,organellar large ribosomal subunit,-5.7,24,11,24152,57,88,5,5.7,2.5,29074|29093|51264|64983|115416,MRPL18|MRPL22|MRPL27|MRPL32|MALSU1,-2.7,Input ID
GO Cellular Components,20,GO:0005762,mitochondrial large ribosomal subunit,-5.7,24,11,24152,57,88,5,5.7,2.5,29074|29093|51264|64983|115416,MRPL18|MRPL22|MRPL27|MRPL32|MALSU1,-2.7,Input ID
GO Biological Processes,19,GO:0032984,protein-containing complex disassembly,-5.5,7.5,7.2,24152,330,88,9,10,3.2,29074|29093|51264|51373|51649|63931|64968|64983|118487,MRPL18|MRPL22|MRPL27|MRPS17|MRPS23|MRPS14|MRPS6|MRPL32|CHCHD1,-2.5,Input ID
GO Biological Processes,19,GO:0007005,mitochondrion organization,-5.5,5.7,6.6,24152,529,88,11,12,3.5,518|6341|7332|29078|51241|55333|55967|79017|84334|131474|643246,ATP5MC3|SCO1|UBE2L3|NDUFAF4|COX16|SYNJ2BP|NDUFA12|GGCT|APOPT1|CHCHD4|MAP1LC3B2,-2.5,Input ID
GO Biological Processes,19,GO:0042254,ribosome biogenesis,-5,7.7,6.9,24152,286,88,8,9.1,3.1,5036|6165|27292|29093|51118|51119|51491|115416,PA2G4|RPL35A|DIMT1|MRPL22|UTP11|SBDS|NOP16|MALSU1,-2.1,Input ID
GO Cellular Components,20,GO:0044455,mitochondrial membrane part,-4.7,8.3,6.8,24152,231,88,7,8,2.9,518|6341|51241|55333|55847|55967|134145,ATP5MC3|SCO1|COX16|SYNJ2BP|CISD1|NDUFA12|ATPSCKMT,-1.7,Input ID
GO Biological Processes,19,GO:0022411,cellular component disassembly,-4.5,5.1,5.8,24152,543,88,10,11,3.4,29074|29093|51264|51373|51649|63931|64968|64983|118487|643246,MRPL18|MRPL22|MRPL27|MRPS17|MRPS23|MRPS14|MRPS6|MRPL32|CHCHD1|MAP1LC3B2,-1.6,Input ID
GO Molecular Functions,21,GO:0097602,cullin family protein binding,-4.4,46,11,24152,18,88,3,3.4,1.9,6500|9978|200845,SKP1|RBX1|KCTD6,-1.5,Input ID
GO Biological Processes,19,GO:0022613,ribonucleoprotein complex biogenesis,-4.1,5.1,5.5,24152,489,88,9,10,3.2,1207|5036|6165|27292|29093|51118|51119|51491|115416,CLNS1A|PA2G4|RPL35A|DIMT1|MRPL22|UTP11|SBDS|NOP16|MALSU1,-1.3,Input ID
GO Molecular Functions,21,GO:0019843,rRNA binding,-4.1,17,7.8,24152,64,88,4,4.5,2.2,29074|51119|51373|64968,MRPL18|SBDS|MRPS17|MRPS6,-1.2,Input ID
GO Cellular Components,20,GO:1990234,transferase complex,-3.9,3.9,4.9,24152,778,88,11,12,3.5,1207|6500|6883|7332|7334|9306|9978|51082|51126|54108|117143,CLNS1A|SKP1|TAF12|UBE2L3|UBE2N|SOCS6|RBX1|POLR1D|NAA20|CHRAC1|TADA1,-1.1,Input ID
GO Cellular Components,20,GO:0000314,organellar small ribosomal subunit,-3.8,29,9.1,24152,28,88,3,3.4,1.9,51373|63931|64968,MRPS17|MRPS14|MRPS6,-1,Input ID
GO Cellular Components,20,GO:0005763,mitochondrial small ribosomal subunit,-3.8,29,9.1,24152,28,88,3,3.4,1.9,51373|63931|64968,MRPS17|MRPS14|MRPS6,-1,Input ID
GO Molecular Functions,21,GO:0061631,ubiquitin conjugating enzyme activity,-3.4,22,7.7,24152,38,88,3,3.4,1.9,7328|7332|7334,UBE2H|UBE2L3|UBE2N,-0.64,Input ID
GO Molecular Functions,21,GO:0061650,ubiquitin-like protein conjugating enzyme activity,-3.4,21,7.5,24152,40,88,3,3.4,1.9,7328|7332|7334,UBE2H|UBE2L3|UBE2N,-0.59,Input ID
GO Biological Processes,19,GO:0033108,mitochondrial respiratory chain complex assembly,-3.4,11,6.2,24152,96,88,4,4.5,2.2,6341|29078|51241|55967,SCO1|NDUFAF4|COX16|NDUFA12,-0.59,Input ID
GO Biological Processes,19,GO:0034470,ncRNA processing,-3.3,5,4.8,24152,383,88,7,8,2.9,5036|6165|11102|27292|51118|51119|116461,PA2G4|RPL35A|RPP14|DIMT1|UTP11|SBDS|TSEN15,-0.53,Input ID
GO Molecular Functions,21,GO:0004842,ubiquitin-protein transferase activity,-3.3,5,4.8,24152,385,88,7,8,2.9,6500|7328|7332|7334|9978|26263|51255,SKP1|UBE2H|UBE2L3|UBE2N|RBX1|FBXO22|RNF181,-0.53,Input ID
GO Molecular Functions,21,GO:0019787,ubiquitin-like protein transferase activity,-3.1,4.7,4.6,24152,409,88,7,8,2.9,6500|7328|7332|7334|9978|26263|51255,SKP1|UBE2H|UBE2L3|UBE2N|RBX1|FBXO22|RNF181,-0.38,Input ID
GO Cellular Components,20,GO:0030660,Golgi-associated vesicle membrane,-3.1,9.8,5.6,24152,112,88,4,4.5,2.2,1211|10175|10972|51014,CLTA|CNIH1|TMED10|TMED7,-0.38,Input ID
GO Biological Processes,19,GO:0000209,protein polyubiquitination,-3,5.3,4.6,24152,309,88,6,6.8,2.7,6500|7328|7332|7334|9978|26263,SKP1|UBE2H|UBE2L3|UBE2N|RBX1|FBXO22,-0.31,Input ID
GO Biological Processes,19,GO:0006364,rRNA processing,-3,6.6,4.9,24152,207,88,5,5.7,2.5,5036|6165|27292|51118|51119,PA2G4|RPL35A|DIMT1|UTP11|SBDS,-0.31,Input ID
GO Biological Processes,19,GO:0034660,ncRNA metabolic process,-3,3.9,4.2,24152,557,88,8,9.1,3.1,5036|6165|11102|27292|51067|51118|51119|116461,PA2G4|RPL35A|RPP14|DIMT1|YARS2|UTP11|SBDS|TSEN15,-0.31,Input ID
GO Cellular Components,20,GO:0030658,transport vesicle membrane,-3,6.6,4.9,24152,209,88,5,5.7,2.5,1211|6856|10175|10972|51014,CLTA|SYPL1|CNIH1|TMED10|TMED7,-0.3,Input ID
GO Cellular Components,20,GO:0005793,endoplasmic reticulum-Golgi intermediate compartment,-3,8.9,5.3,24152,123,88,4,4.5,2.2,10175|10972|29097|51014,CNIH1|TMED10|CNIH4|TMED7,-0.28,Input ID
GO Cellular Components,20,GO:0012507,ER to Golgi transport vesicle membrane,-2.8,13,5.9,24152,62,88,3,3.4,1.9,10175|10972|51014,CNIH1|TMED10|TMED7,-0.14,Input ID
GO Biological Processes,19,GO:0044257,cellular protein catabolic process,-2.7,3.2,3.8,24152,761,88,9,10,3.2,1211|6341|6500|7328|7332|9306|9978|26263|200845,CLTA|SCO1|SKP1|UBE2H|UBE2L3|SOCS6|RBX1|FBXO22|KCTD6,-0.074,Input ID
GO Biological Processes,19,GO:0016072,rRNA metabolic process,-2.7,5.6,4.4,24152,243,88,5,5.7,2.5,5036|6165|27292|51118|51119,PA2G4|RPL35A|DIMT1|UTP11|SBDS,-0.047,Input ID
GO Cellular Components,20,GO:0033116,endoplasmic reticulum-Golgi intermediate compartment membrane,-2.7,12,5.5,24152,70,88,3,3.4,1.9,10175|10972|51014,CNIH1|TMED10|TMED7,-0.018,Input ID
GO Biological Processes,19,GO:0042273,ribosomal large subunit biogenesis,-2.7,12,5.4,24152,71,88,3,3.4,1.9,6165|51491|115416,RPL35A|NOP16|MALSU1,-0.0093,Input ID
GO Cellular Components,20,GO:0015935,small ribosomal subunit,-2.6,11,5.3,24152,73,88,3,3.4,1.9,51373|63931|64968,MRPS17|MRPS14|MRPS6,0,Input ID
GO Cellular Components,20,GO:0032592,integral component of mitochondrial membrane,-2.6,11,5.3,24152,73,88,3,3.4,1.9,6341|51241|55333,SCO1|COX16|SYNJ2BP,0,Input ID
GO Cellular Components,20,GO:0098573,intrinsic component of mitochondrial membrane,-2.6,11,5.3,24152,74,88,3,3.4,1.9,6341|51241|55333,SCO1|COX16|SYNJ2BP,0,Input ID
GO Molecular Functions,21,GO:0034212,peptide N-acetyltransferase activity,-2.6,11,5.2,24152,76,88,3,3.4,1.9,6883|51126|117143,TAF12|NAA20|TADA1,0,Input ID
GO Biological Processes,19,GO:0006890,"retrograde vesicle-mediated transport, Golgi to ER",-2.4,9.6,4.8,24152,86,88,3,3.4,1.9,10972|23760|51014,TMED10|PITPNB|TMED7,0,Input ID
GO Cellular Components,20,GO:0030135,coated vesicle,-2.4,4.8,3.9,24152,287,88,5,5.7,2.5,1211|8724|10175|10972|51014,CLTA|SNX3|CNIH1|TMED10|TMED7,0,Input ID
GO Cellular Components,20,GO:0005798,Golgi-associated vesicle,-2.4,6.2,4.2,24152,177,88,4,4.5,2.2,1211|10175|10972|51014,CLTA|CNIH1|TMED10|TMED7,0,Input ID
GO Cellular Components,20,GO:0005741,mitochondrial outer membrane,-2.4,6.1,4.2,24152,179,88,4,4.5,2.2,518|55333|55847|80777,ATP5MC3|SYNJ2BP|CISD1|CYB5B,0,Input ID
GO Cellular Components,20,GO:0030662,coated vesicle membrane,-2.4,6.1,4.2,24152,179,88,4,4.5,2.2,1211|10175|10972|51014,CLTA|CNIH1|TMED10|TMED7,0,Input ID
GO Biological Processes,19,GO:0051603,proteolysis involved in cellular protein catabolic process,-2.4,3.1,3.4,24152,707,88,8,9.1,3.1,6341|6500|7328|7332|9306|9978|26263|200845,SCO1|SKP1|UBE2H|UBE2L3|SOCS6|RBX1|FBXO22|KCTD6,0,Input ID
GO Molecular Functions,21,GO:0008080,N-acetyltransferase activity,-2.3,9,4.7,24152,91,88,3,3.4,1.9,6883|51126|117143,TAF12|NAA20|TADA1,0,Input ID
GO Cellular Components,20,GO:0030134,COPII-coated ER to Golgi transport vesicle,-2.3,8.9,4.6,24152,93,88,3,3.4,1.9,10175|10972|51014,CNIH1|TMED10|TMED7,0,Input ID
GO Cellular Components,20,GO:1902493,acetyltransferase complex,-2.3,8.8,4.6,24152,94,88,3,3.4,1.9,6883|51126|117143,TAF12|NAA20|TADA1,0,Input ID
GO Cellular Components,20,GO:0031248,protein acetyltransferase complex,-2.3,8.8,4.6,24152,94,88,3,3.4,1.9,6883|51126|117143,TAF12|NAA20|TADA1,0,Input ID
GO Biological Processes,19,GO:1990542,mitochondrial transmembrane transport,-2.2,8.2,4.4,24152,100,88,3,3.4,1.9,518|29074|131474,ATP5MC3|MRPL18|CHCHD4,0,Input ID
GO Biological Processes,19,GO:0070498,interleukin-1-mediated signaling pathway,-2.2,8.2,4.4,24152,101,88,3,3.4,1.9,6500|7334|9978,SKP1|UBE2N|RBX1,0,Input ID
GO Biological Processes,19,GO:0006900,vesicle budding from membrane,-2.2,8.1,4.3,24152,102,88,3,3.4,1.9,8724|10175|10972,SNX3|CNIH1|TMED10,0,Input ID
GO Cellular Components,20,GO:0031968,organelle outer membrane,-2.2,5.4,3.8,24152,203,88,4,4.5,2.2,518|55333|55847|80777,ATP5MC3|SYNJ2BP|CISD1|CYB5B,0,Input ID
GO Cellular Components,20,GO:0019867,outer membrane,-2.2,5.4,3.8,24152,205,88,4,4.5,2.2,518|55333|55847|80777,ATP5MC3|SYNJ2BP|CISD1|CYB5B,0,Input ID
GO Cellular Components,20,GO:0042470,melanosome,-2.2,7.8,4.2,24152,106,88,3,3.4,1.9,5052|6856|10972,PRDX1|SYPL1|TMED10,0,Input ID
GO Cellular Components,20,GO:0048770,pigment granule,-2.2,7.8,4.2,24152,106,88,3,3.4,1.9,5052|6856|10972,PRDX1|SYPL1|TMED10,0,Input ID
GO Biological Processes,19,GO:0008380,RNA splicing,-2.1,3.5,3.3,24152,469,88,6,6.8,2.7,1207|3184|6100|11066|22826|116461,CLNS1A|HNRNPD|RP9|SNRNP35|DNAJC8|TSEN15,0,Input ID
GO Biological Processes,19,GO:0010498,proteasomal protein catabolic process,-2.1,3.5,3.3,24152,470,88,6,6.8,2.7,6341|6500|7328|9306|9978|26263,SCO1|SKP1|UBE2H|SOCS6|RBX1|FBXO22,0,Input ID
GO Molecular Functions,21,GO:0016407,acetyltransferase activity,-2.1,7.5,4.1,24152,110,88,3,3.4,1.9,6883|51126|117143,TAF12|NAA20|TADA1,0,Input ID
GO Cellular Components,20,GO:0005819,spindle,-2.1,4.1,3.4,24152,336,88,5,5.7,2.5,1211|8409|10982|51119|134492,CLTA|UXT|MAPRE2|SBDS|NUDCD2,0,Input ID
GO Molecular Functions,21,GO:0016410,N-acyltransferase activity,-2.1,7.4,4.1,24152,111,88,3,3.4,1.9,6883|51126|117143,TAF12|NAA20|TADA1,0,Input ID
GO Cellular Components,20,GO:0031301,integral component of organelle membrane,-2.1,5.1,3.7,24152,214,88,4,4.5,2.2,6341|6856|51241|55333,SCO1|SYPL1|COX16|SYNJ2BP,0,Input ID
GO Biological Processes,19,GO:0006888,ER to Golgi vesicle-mediated transport,-2.1,5.1,3.6,24152,216,88,4,4.5,2.2,10175|10972|29097|51014,CNIH1|TMED10|CNIH4|TMED7,0,Input ID
