,_MEMBER_Input ID,_LogP_Input ID,GO,Description,_PATTERN_,_RANK_,GiniIndex
20_GO:0044455,1,-4.7,GO:0044455,mitochondrial membrane part,M1,1,0
20_GO:0019867,1,-2.2,GO:0019867,outer membrane,M1,1,0
20_GO:0098798,1,-8.5,GO:0098798,mitochondrial protein complex,M1,1,0
19_GO:0007005,1,-5.5,GO:0007005,mitochondrion organization,M1,1,0
19_GO:1990542,1,-2.2,GO:1990542,mitochondrial transmembrane transport,M1,1,0
20_GO:0030660,1,-3.1,GO:0030660,Golgi-associated vesicle membrane,M1,1,0
20_GO:0015935,1,-2.6,GO:0015935,small ribosomal subunit,M1,1,0
21_GO:0019843,1,-4.1,GO:0019843,rRNA binding,M1,1,0
20_GO:0048770,1,-2.2,GO:0048770,pigment granule,M1,1,0
20_GO:0005741,1,-2.4,GO:0005741,mitochondrial outer membrane,M1,1,0
20_GO:0005798,1,-2.4,GO:0005798,Golgi-associated vesicle,M1,1,0
20_GO:0031248,1,-2.3,GO:0031248,protein acetyltransferase complex,M1,1,0
19_GO:0033108,1,-3.4,GO:0033108,mitochondrial respiratory chain complex assembly,M1,1,0
20_GO:0033116,1,-2.7,GO:0033116,endoplasmic reticulum-Golgi intermediate compartment membrane,M1,1,0
19_GO:0043043,1,-8,GO:0043043,peptide biosynthetic process,M1,1,0
19_GO:0010498,1,-2.1,GO:0010498,proteasomal protein catabolic process,M1,1,0
20_GO:0031301,1,-2.1,GO:0031301,integral component of organelle membrane,M1,1,0
19_GO:0070125,1,-10,GO:0070125,mitochondrial translational elongation,M1,1,0
19_GO:0006900,1,-2.2,GO:0006900,vesicle budding from membrane,M1,1,0
19_GO:0016072,1,-2.7,GO:0016072,rRNA metabolic process,M1,1,0
19_GO:0034470,1,-3.3,GO:0034470,ncRNA processing,M1,1,0
20_GO:0044391,1,-8.7,GO:0044391,ribosomal subunit,M1,1,0
21_GO:0097602,1,-4.4,GO:0097602,cullin family protein binding,M1,1,0
20_GO:0031966,1,-10,GO:0031966,mitochondrial membrane,M1,1,0
20_GO:0019866,1,-9.1,GO:0019866,organelle inner membrane,M1,1,0
19_GO:0022411,1,-4.5,GO:0022411,cellular component disassembly,M1,1,0
19_GO:0140053,1,-11,GO:0140053,mitochondrial gene expression,M1,1,0
20_GO:0005740,1,-11,GO:0005740,mitochondrial envelope,M1,1,0
20_GO:0005759,1,-6,GO:0005759,mitochondrial matrix,M1,1,0
20_GO:0000313,1,-11,GO:0000313,organellar ribosome,M1,1,0
19_GO:0006412,1,-7.4,GO:0006412,translation,M1,1,0
21_GO:0016407,1,-2.1,GO:0016407,acetyltransferase activity,M1,1,0
19_GO:0034660,1,-3,GO:0034660,ncRNA metabolic process,M1,1,0
19_GO:0042273,1,-2.7,GO:0042273,ribosomal large subunit biogenesis,M1,1,0
19_GO:0008380,1,-2.1,GO:0008380,RNA splicing,M1,1,0
20_GO:0005793,1,-3,GO:0005793,endoplasmic reticulum-Golgi intermediate compartment,M1,1,0
20_GO:0030135,1,-2.4,GO:0030135,coated vesicle,M1,1,0
19_GO:0070126,1,-10,GO:0070126,mitochondrial translational termination,M1,1,0
20_GO:0012507,1,-2.8,GO:0012507,ER to Golgi transport vesicle membrane,M1,1,0
20_GO:0032592,1,-2.6,GO:0032592,integral component of mitochondrial membrane,M1,1,0
19_GO:0006364,1,-3,GO:0006364,rRNA processing,M1,1,0
20_GO:0030662,1,-2.4,GO:0030662,coated vesicle membrane,M1,1,0
20_GO:0005762,1,-5.7,GO:0005762,mitochondrial large ribosomal subunit,M1,1,0
19_GO:0006414,1,-8.8,GO:0006414,translational elongation,M1,1,0
21_GO:0008080,1,-2.3,GO:0008080,N-acetyltransferase activity,M1,1,0
19_GO:0006890,1,-2.4,GO:0006890,"retrograde vesicle-mediated transport, Golgi to ER",M1,1,0
20_GO:0000314,1,-3.8,GO:0000314,organellar small ribosomal subunit,M1,1,0
19_GO:0022613,1,-4.1,GO:0022613,ribonucleoprotein complex biogenesis,M1,1,0
19_GO:0006888,1,-2.1,GO:0006888,ER to Golgi vesicle-mediated transport,M1,1,0
20_GO:0031968,1,-2.2,GO:0031968,organelle outer membrane,M1,1,0
19_GO:0042254,1,-5,GO:0042254,ribosome biogenesis,M1,1,0
19_GO:0051603,1,-2.4,GO:0051603,proteolysis involved in cellular protein catabolic process,M1,1,0
21_GO:0061631,1,-3.4,GO:0061631,ubiquitin conjugating enzyme activity,M1,1,0
21_GO:0016410,1,-2.1,GO:0016410,N-acyltransferase activity,M1,1,0
20_GO:1902493,1,-2.3,GO:1902493,acetyltransferase complex,M1,1,0
19_GO:0032543,1,-12,GO:0032543,mitochondrial translation,M1,1,0
20_GO:0005819,1,-2.1,GO:0005819,spindle,M1,1,0
20_GO:0005743,1,-9.8,GO:0005743,mitochondrial inner membrane,M1,1,0
21_GO:0003735,1,-8.5,GO:0003735,structural constituent of ribosome,M1,1,0
19_GO:0044257,1,-2.7,GO:0044257,cellular protein catabolic process,M1,1,0
20_GO:0042470,1,-2.2,GO:0042470,melanosome,M1,1,0
21_GO:0004842,1,-3.3,GO:0004842,ubiquitin-protein transferase activity,M1,1,0
19_GO:0006415,1,-9.8,GO:0006415,translational termination,M1,1,0
19_GO:0070498,1,-2.2,GO:0070498,interleukin-1-mediated signaling pathway,M1,1,0
20_GO:0000315,1,-5.7,GO:0000315,organellar large ribosomal subunit,M1,1,0
20_GO:0005763,1,-3.8,GO:0005763,mitochondrial small ribosomal subunit,M1,1,0
20_GO:0030134,1,-2.3,GO:0030134,COPII-coated ER to Golgi transport vesicle,M1,1,0
21_GO:0034212,1,-2.6,GO:0034212,peptide N-acetyltransferase activity,M1,1,0
19_GO:0000209,1,-3,GO:0000209,protein polyubiquitination,M1,1,0
20_GO:0005761,1,-11,GO:0005761,mitochondrial ribosome,M1,1,0
21_GO:0019787,1,-3.1,GO:0019787,ubiquitin-like protein transferase activity,M1,1,0
19_GO:0032984,1,-5.5,GO:0032984,protein-containing complex disassembly,M1,1,0
20_GO:0015934,1,-6.5,GO:0015934,large ribosomal subunit,M1,1,0
19_GO:0043624,1,-7,GO:0043624,cellular protein complex disassembly,M1,1,0
20_GO:0030658,1,-3,GO:0030658,transport vesicle membrane,M1,1,0
20_GO:0098573,1,-2.6,GO:0098573,intrinsic component of mitochondrial membrane,M1,1,0
21_GO:0061650,1,-3.4,GO:0061650,ubiquitin-like protein conjugating enzyme activity,M1,1,0
20_GO:1990234,1,-3.9,GO:1990234,transferase complex,M1,1,0
20_GO:0005840,1,-9.5,GO:0005840,ribosome,M1,1,0
