Name,Category,CategoryID,GO,Description,LogP,Enrichment,Z-score,#TotalGeneInLibrary,#GeneInGO,#GeneInHitList,#GeneInGOAndHitList,%InGO,STDV %InGO,GeneID,Hits,Log(q-value)
Input ID,GO Cellular Components,20,GO:0032993,protein-DNA complex,-5.3,19,9.4,24152,201,31,5,16,6.6,3014|5813|5814|8347|8971,H2AFX|PURA|PURB|HIST1H2BC|H1FX,-0.92
Input ID,GO Biological Processes,19,GO:0071103,DNA conformation change,-4.4,13,7.4,24152,303,31,5,16,6.6,3014|5813|7314|8347|8971,H2AFX|PURA|UBB|HIST1H2BC|H1FX,-0.43
Input ID,GO Cellular Components,20,GO:0005657,replication fork,-4,34,9.9,24152,68,31,3,9.7,5.3,3014|5813|5814,H2AFX|PURA|PURB,-0.43
Input ID,GO Biological Processes,19,GO:0030512,negative regulation of transforming growth factor beta receptor signaling pathway,-3.8,29,9.1,24152,80,31,3,9.7,5.3,5300|7314|10273,PIN1|UBB|STUB1,-0.43
Input ID,GO Molecular Functions,21,GO:0046332,SMAD binding,-3.8,29,9.1,24152,80,31,3,9.7,5.3,5813|5814|10273,PURA|PURB|STUB1,-0.43
Input ID,GO Biological Processes,19,GO:1903845,negative regulation of cellular response to transforming growth factor beta stimulus,-3.8,29,8.9,24152,82,31,3,9.7,5.3,5300|7314|10273,PIN1|UBB|STUB1,-0.43
Input ID,GO Cellular Components,20,GO:0000313,organellar ribosome,-3.7,27,8.7,24152,87,31,3,9.7,5.3,10573|64949|64975,MRPL28|MRPS26|MRPL41,-0.43
Input ID,GO Cellular Components,20,GO:0005761,mitochondrial ribosome,-3.7,27,8.7,24152,87,31,3,9.7,5.3,10573|64949|64975,MRPL28|MRPS26|MRPL41,-0.43
Input ID,GO Biological Processes,19,GO:0070125,mitochondrial translational elongation,-3.7,26,8.6,24152,89,31,3,9.7,5.3,10573|64949|64975,MRPL28|MRPS26|MRPL41,-0.43
Input ID,GO Biological Processes,19,GO:0070126,mitochondrial translational termination,-3.7,26,8.6,24152,89,31,3,9.7,5.3,10573|64949|64975,MRPL28|MRPS26|MRPL41,-0.43
Input ID,GO Biological Processes,19,GO:0065004,protein-DNA complex assembly,-3.6,13,6.6,24152,245,31,4,13,6,3014|7314|8347|8971,H2AFX|UBB|HIST1H2BC|H1FX,-0.35
Input ID,GO Molecular Functions,21,GO:0019900,kinase binding,-3.5,6.4,5.3,24152,727,31,6,19,7.1,388|3276|5300|10273|11140|54461,RHOB|PRMT1|PIN1|STUB1|CDC37|FBXW5,-0.35
Input ID,GO Biological Processes,19,GO:0006415,translational termination,-3.5,22,7.9,24152,104,31,3,9.7,5.3,10573|64949|64975,MRPL28|MRPS26|MRPL41,-0.33
Input ID,GO Cellular Components,20,GO:0000786,nucleosome,-3.5,22,7.8,24152,106,31,3,9.7,5.3,3014|8347|8971,H2AFX|HIST1H2BC|H1FX,-0.33
Input ID,GO Biological Processes,19,GO:0072331,signal transduction by p53 class mediator,-3.4,12,6.3,24152,267,31,4,13,6,3276|4282|5300|7314,PRMT1|MIF|PIN1|UBB,-0.32
Input ID,GO Biological Processes,19,GO:0031398,positive regulation of protein ubiquitination,-3.4,21,7.6,24152,111,31,3,9.7,5.3,5300|7314|10273,PIN1|UBB|STUB1,-0.32
Input ID,GO Cellular Components,20,GO:0044815,DNA packaging complex,-3.4,21,7.5,24152,114,31,3,9.7,5.3,3014|8347|8971,H2AFX|HIST1H2BC|H1FX,-0.31
Input ID,GO Biological Processes,19,GO:0071824,protein-DNA complex subunit organization,-3.4,11,6.1,24152,281,31,4,13,6,3014|7314|8347|8971,H2AFX|UBB|HIST1H2BC|H1FX,-0.31
Input ID,GO Biological Processes,19,GO:0017015,regulation of transforming growth factor beta receptor signaling pathway,-3.3,19,7.3,24152,120,31,3,9.7,5.3,5300|7314|10273,PIN1|UBB|STUB1,-0.29
Input ID,GO Biological Processes,19,GO:1903844,regulation of cellular response to transforming growth factor beta stimulus,-3.3,19,7.2,24152,122,31,3,9.7,5.3,5300|7314|10273,PIN1|UBB|STUB1,-0.29
Input ID,GO Biological Processes,19,GO:0090101,negative regulation of transmembrane receptor protein serine/threonine kinase signaling pathway,-3.3,19,7.1,24152,124,31,3,9.7,5.3,5300|7314|10273,PIN1|UBB|STUB1,-0.28
Input ID,GO Biological Processes,19,GO:1903322,positive regulation of protein modification by small protein conjugation or removal,-3.2,18,7,24152,129,31,3,9.7,5.3,5300|7314|10273,PIN1|UBB|STUB1,-0.25
Input ID,GO Biological Processes,19,GO:0000209,protein polyubiquitination,-3.2,10,5.8,24152,309,31,4,13,6,7314|10273|54461|149603,UBB|STUB1|FBXW5|RNF187,-0.25
Input ID,GO Biological Processes,19,GO:0006414,translational elongation,-3.2,17,6.8,24152,135,31,3,9.7,5.3,10573|64949|64975,MRPL28|MRPS26|MRPL41,-0.25
Input ID,GO Biological Processes,19,GO:0032543,mitochondrial translation,-3.2,17,6.8,24152,135,31,3,9.7,5.3,10573|64949|64975,MRPL28|MRPS26|MRPL41,-0.25
Input ID,GO Biological Processes,19,GO:0006334,nucleosome assembly,-3.1,16,6.5,24152,145,31,3,9.7,5.3,3014|8347|8971,H2AFX|HIST1H2BC|H1FX,-0.17
Input ID,GO Biological Processes,19,GO:0051260,protein homooligomerization,-3.1,9.2,5.5,24152,337,31,4,13,6,3276|4282|112939|138151,PRMT1|MIF|NACC1|NACC2,-0.17
Input ID,GO Biological Processes,19,GO:0140053,mitochondrial gene expression,-3,15,6.2,24152,160,31,3,9.7,5.3,10573|64949|64975,MRPL28|MRPS26|MRPL41,-0.1
Input ID,GO Biological Processes,19,GO:2001242,regulation of intrinsic apoptotic signaling pathway,-2.9,14,6.1,24152,162,31,3,9.7,5.3,4282|7314|138151,MIF|UBB|NACC2,-0.1
Input ID,GO Biological Processes,19,GO:0031497,chromatin assembly,-2.9,14,6.1,24152,164,31,3,9.7,5.3,3014|8347|8971,H2AFX|HIST1H2BC|H1FX,-0.1
Input ID,GO Biological Processes,19,GO:0090288,negative regulation of cellular response to growth factor stimulus,-2.9,14,6.1,24152,164,31,3,9.7,5.3,5300|7314|10273,PIN1|UBB|STUB1,-0.1
Input ID,GO Biological Processes,19,GO:0051100,negative regulation of binding,-2.9,14,6.1,24152,165,31,3,9.7,5.3,5300|6612|10273,PIN1|SUMO3|STUB1,-0.1
Input ID,GO Biological Processes,19,GO:0045786,negative regulation of cell cycle,-2.9,6,4.7,24152,644,31,5,16,6.6,388|3014|3276|4282|138151,RHOB|H2AFX|PRMT1|MIF|NACC2,-0.1
Input ID,GO Molecular Functions,21,GO:0019901,protein kinase binding,-2.9,6,4.7,24152,644,31,5,16,6.6,388|3276|5300|11140|54461,RHOB|PRMT1|PIN1|CDC37|FBXW5,-0.1
Input ID,GO Biological Processes,19,GO:1901796,regulation of signal transduction by p53 class mediator,-2.8,13,5.8,24152,179,31,3,9.7,5.3,4282|5300|7314,MIF|PIN1|UBB,-0.035
Input ID,GO Biological Processes,19,GO:0034728,nucleosome organization,-2.8,13,5.8,24152,180,31,3,9.7,5.3,3014|8347|8971,H2AFX|HIST1H2BC|H1FX,-0.035
Input ID,GO Biological Processes,19,GO:0006333,chromatin assembly or disassembly,-2.7,12,5.6,24152,190,31,3,9.7,5.3,3014|8347|8971,H2AFX|HIST1H2BC|H1FX,0
Input ID,GO Biological Processes,19,GO:0043161,proteasome-mediated ubiquitin-dependent protein catabolic process,-2.7,7.5,4.8,24152,414,31,4,13,6,7314|10273|54461|149603,UBB|STUB1|FBXW5|RNF187,0
Input ID,GO Cellular Components,20,GO:0044391,ribosomal subunit,-2.7,12,5.6,24152,191,31,3,9.7,5.3,10573|64949|64975,MRPL28|MRPS26|MRPL41,0
Input ID,GO Biological Processes,19,GO:0031396,regulation of protein ubiquitination,-2.7,12,5.5,24152,196,31,3,9.7,5.3,5300|7314|10273,PIN1|UBB|STUB1,0
Input ID,GO Biological Processes,19,GO:0007179,transforming growth factor beta receptor signaling pathway,-2.7,12,5.4,24152,201,31,3,9.7,5.3,5300|7314|10273,PIN1|UBB|STUB1,0
Input ID,GO Biological Processes,19,GO:0006323,DNA packaging,-2.6,11,5.3,24152,207,31,3,9.7,5.3,3014|8347|8971,H2AFX|HIST1H2BC|H1FX,0
Input ID,GO Biological Processes,19,GO:2001020,regulation of response to DNA damage stimulus,-2.6,11,5.3,24152,211,31,3,9.7,5.3,3014|4282|138151,H2AFX|MIF|NACC2,0
Input ID,GO Biological Processes,19,GO:0043624,cellular protein complex disassembly,-2.6,11,5.2,24152,217,31,3,9.7,5.3,10573|64949|64975,MRPL28|MRPS26|MRPL41,0
Input ID,GO Biological Processes,19,GO:1903320,regulation of protein modification by small protein conjugation or removal,-2.5,11,5.1,24152,222,31,3,9.7,5.3,5300|7314|10273,PIN1|UBB|STUB1,0
Input ID,GO Cellular Components,20,GO:0016604,nuclear body,-2.5,5,4.1,24152,777,31,5,16,6.6,3014|5300|6612|112939|138151,H2AFX|PIN1|SUMO3|NACC1|NACC2,0
Input ID,GO Biological Processes,19,GO:0010498,proteasomal protein catabolic process,-2.5,6.6,4.4,24152,470,31,4,13,6,7314|10273|54461|149603,UBB|STUB1|FBXW5|RNF187,0
Input ID,GO Biological Processes,19,GO:0006325,chromatin organization,-2.5,4.9,4,24152,795,31,5,16,6.6,3014|3276|8347|8971|138151,H2AFX|PRMT1|HIST1H2BC|H1FX|NACC2,0
Input ID,GO Biological Processes,19,GO:0010564,regulation of cell cycle process,-2.5,4.9,4,24152,796,31,5,16,6.6,3276|4282|5300|54461|138151,PRMT1|MIF|PIN1|FBXW5|NACC2,0
Input ID,GO Biological Processes,19,GO:0090092,regulation of transmembrane receptor protein serine/threonine kinase signaling pathway,-2.5,9.8,4.9,24152,239,31,3,9.7,5.3,5300|7314|10273,PIN1|UBB|STUB1,0
Input ID,GO Biological Processes,19,GO:0071560,cellular response to transforming growth factor beta stimulus,-2.4,9.3,4.7,24152,251,31,3,9.7,5.3,5300|7314|10273,PIN1|UBB|STUB1,0
Input ID,GO Biological Processes,19,GO:0071559,response to transforming growth factor beta,-2.4,9.1,4.7,24152,258,31,3,9.7,5.3,5300|7314|10273,PIN1|UBB|STUB1,0
Input ID,GO Cellular Components,20,GO:0098798,mitochondrial protein complex,-2.3,8.9,4.6,24152,264,31,3,9.7,5.3,10573|64949|64975,MRPL28|MRPS26|MRPL41,0
Input ID,GO Biological Processes,19,GO:0022411,cellular component disassembly,-2.3,5.7,4,24152,543,31,4,13,6,10573|11140|64949|64975,MRPL28|CDC37|MRPS26|MRPL41,0
Input ID,GO Cellular Components,20,GO:0005840,ribosome,-2.3,8.6,4.5,24152,271,31,3,9.7,5.3,10573|64949|64975,MRPL28|MRPS26|MRPL41,0
Input ID,GO Biological Processes,19,GO:0031647,regulation of protein stability,-2.3,8.4,4.5,24152,278,31,3,9.7,5.3,5300|10273|11140,PIN1|STUB1|CDC37,0
Input ID,GO Biological Processes,19,GO:0051259,protein complex oligomerization,-2.3,5.6,3.9,24152,560,31,4,13,6,3276|4282|112939|138151,PRMT1|MIF|NACC1|NACC2,0
Input ID,GO Cellular Components,20,GO:0000785,chromatin,-2.3,5.6,3.9,24152,560,31,4,13,6,3014|8347|8971|138151,H2AFX|HIST1H2BC|H1FX|NACC2,0
Input ID,GO Cellular Components,20,GO:0044454,nuclear chromosome part,-2.2,5.5,3.9,24152,565,31,4,13,6,3014|5813|5814|138151,H2AFX|PURA|PURB|NACC2,0
Input ID,GO Biological Processes,19,GO:0097193,intrinsic apoptotic signaling pathway,-2.2,8.1,4.4,24152,288,31,3,9.7,5.3,4282|7314|138151,MIF|UBB|NACC2,0
Input ID,GO Biological Processes,19,GO:0090287,regulation of cellular response to growth factor stimulus,-2.2,8.1,4.3,24152,290,31,3,9.7,5.3,5300|7314|10273,PIN1|UBB|STUB1,0
Input ID,GO Molecular Functions,21,GO:0044389,ubiquitin-like protein ligase binding,-2.2,7.6,4.2,24152,306,31,3,9.7,5.3,6612|7314|10273,SUMO3|UBB|STUB1,0
Input ID,GO Cellular Components,20,GO:0000228,nuclear chromosome,-2.2,5.2,3.7,24152,601,31,4,13,6,3014|5813|5814|138151,H2AFX|PURA|PURB|NACC2,0
Input ID,GO Biological Processes,19,GO:0006511,ubiquitin-dependent protein catabolic process,-2.1,5.1,3.7,24152,613,31,4,13,6,7314|10273|54461|149603,UBB|STUB1|FBXW5|RNF187,0
Input ID,GO Biological Processes,19,GO:0019941,modification-dependent protein catabolic process,-2.1,5,3.6,24152,619,31,4,13,6,7314|10273|54461|149603,UBB|STUB1|FBXW5|RNF187,0
Input ID,GO Biological Processes,19,GO:0104004,cellular response to environmental stimulus,-2.1,7.2,4,24152,324,31,3,9.7,5.3,388|3014|9230,RHOB|H2AFX|RAB11B,0
Input ID,GO Biological Processes,19,GO:0071214,cellular response to abiotic stimulus,-2.1,7.2,4,24152,324,31,3,9.7,5.3,388|3014|9230,RHOB|H2AFX|RAB11B,0
Input ID,GO Biological Processes,19,GO:0043632,modification-dependent macromolecule catabolic process,-2.1,4.9,3.6,24152,630,31,4,13,6,7314|10273|54461|149603,UBB|STUB1|FBXW5|RNF187,0
Input ID,GO Biological Processes,19,GO:0032984,protein-containing complex disassembly,-2.1,7.1,4,24152,330,31,3,9.7,5.3,10573|64949|64975,MRPL28|MRPS26|MRPL41,0
Input ID,GO Biological Processes,19,GO:0051347,positive regulation of transferase activity,-2,4.8,3.5,24152,647,31,4,13,6,4282|5300|7314|10273,MIF|PIN1|UBB|STUB1,0
Input ID,GO Biological Processes,19,GO:0043065,positive regulation of apoptotic process,-2,4.7,3.5,24152,657,31,4,13,6,388|5300|7314|138151,RHOB|PIN1|UBB|NACC2,0
Input ID,GO Biological Processes,19,GO:0043068,positive regulation of programmed cell death,-2,4.7,3.5,24152,664,31,4,13,6,388|5300|7314|138151,RHOB|PIN1|UBB|NACC2,0
Input ID,GO Cellular Components,20,GO:0098687,chromosomal region,-2,6.7,3.9,24152,348,31,3,9.7,5.3,3014|5813|6612,H2AFX|PURA|SUMO3,0
Input ID_MCODE_ALL,GO Biological Processes,19,GO:0006325,chromatin organization,-3.9,23,8,24152,795,4,3,75,22,3014|3276|8347,H2AFX|PRMT1|HIST1H2BC,-0.43
Input ID_SUB1_MCODE_1,GO Biological Processes,19,GO:0006325,chromatin organization,-3.9,23,8,24152,795,4,3,75,22,3014|3276|8347,H2AFX|PRMT1|HIST1H2BC,-0.43
