Name,Category,CategoryID,GO,Description,LogP,Enrichment,Z-score,#TotalGeneInLibrary,#GeneInGO,#GeneInHitList,#GeneInGOAndHitList,%InGO,STDV %InGO,GeneID,Hits,Log(q-value)
Input ID,GO Biological Processes,19,GO:0070125,mitochondrial translational elongation,-13,57,22,24152,89,43,9,21,6.2,29074|29093|51264|51373|51649|63931|64968|64983|118487,MRPL18|MRPL22|MRPL27|MRPS17|MRPS23|MRPS14|MRPS6|MRPL32|CHCHD1,-11
Input ID,GO Biological Processes,19,GO:0070126,mitochondrial translational termination,-13,57,22,24152,89,43,9,21,6.2,29074|29093|51264|51373|51649|63931|64968|64983|118487,MRPL18|MRPL22|MRPL27|MRPS17|MRPS23|MRPS14|MRPS6|MRPL32|CHCHD1,-11
Input ID,GO Biological Processes,19,GO:0006415,translational termination,-13,49,21,24152,104,43,9,21,6.2,29074|29093|51264|51373|51649|63931|64968|64983|118487,MRPL18|MRPL22|MRPL27|MRPS17|MRPS23|MRPS14|MRPS6|MRPL32|CHCHD1,-10
Input ID,GO Cellular Components,20,GO:0005840,ribosome,-12,23,15,24152,271,43,11,26,6.7,6160|6165|29074|29093|51264|51373|51649|63931|64968|64983|118487,RPL31|RPL35A|MRPL18|MRPL22|MRPL27|MRPS17|MRPS23|MRPS14|MRPS6|MRPL32|CHCHD1,-9.2
Input ID,GO Molecular Functions,21,GO:0003735,structural constituent of ribosome,-12,28,16,24152,201,43,10,23,6.4,6160|6165|29074|29093|51264|51373|51649|63931|64968|64983,RPL31|RPL35A|MRPL18|MRPL22|MRPL27|MRPS17|MRPS23|MRPS14|MRPS6|MRPL32,-9.1
Input ID,GO Biological Processes,19,GO:0006414,translational elongation,-12,37,18,24152,135,43,9,21,6.2,29074|29093|51264|51373|51649|63931|64968|64983|118487,MRPL18|MRPL22|MRPL27|MRPS17|MRPS23|MRPS14|MRPS6|MRPL32|CHCHD1,-9.1
Input ID,GO Biological Processes,19,GO:0032543,mitochondrial translation,-12,37,18,24152,135,43,9,21,6.2,29074|29093|51264|51373|51649|63931|64968|64983|118487,MRPL18|MRPL22|MRPL27|MRPS17|MRPS23|MRPS14|MRPS6|MRPL32|CHCHD1,-9.1
Input ID,GO Cellular Components,20,GO:0000313,organellar ribosome,-12,52,20,24152,87,43,8,19,5.9,29074|29093|51264|51373|63931|64968|64983|118487,MRPL18|MRPL22|MRPL27|MRPS17|MRPS14|MRPS6|MRPL32|CHCHD1,-8.9
Input ID,GO Cellular Components,20,GO:0005761,mitochondrial ribosome,-12,52,20,24152,87,43,8,19,5.9,29074|29093|51264|51373|63931|64968|64983|118487,MRPL18|MRPL22|MRPL27|MRPS17|MRPS14|MRPS6|MRPL32|CHCHD1,-8.9
Input ID,GO Biological Processes,19,GO:0140053,mitochondrial gene expression,-11,32,16,24152,160,43,9,21,6.2,29074|29093|51264|51373|51649|63931|64968|64983|118487,MRPL18|MRPL22|MRPL27|MRPS17|MRPS23|MRPS14|MRPS6|MRPL32|CHCHD1,-8.4
Input ID,GO Cellular Components,20,GO:0044391,ribosomal subunit,-10,26,15,24152,191,43,9,21,6.2,6160|6165|29074|29093|51264|51373|63931|64968|64983,RPL31|RPL35A|MRPL18|MRPL22|MRPL27|MRPS17|MRPS14|MRPS6|MRPL32,-7.7
Input ID,GO Biological Processes,19,GO:0043624,cellular protein complex disassembly,-9.9,23,14,24152,217,43,9,21,6.2,29074|29093|51264|51373|51649|63931|64968|64983|118487,MRPL18|MRPL22|MRPL27|MRPS17|MRPS23|MRPS14|MRPS6|MRPL32|CHCHD1,-7.3
Input ID,GO Biological Processes,19,GO:0006412,translation,-9.7,10,11,24152,715,43,13,30,7,3184|5036|6160|6165|29074|29093|51264|51373|51649|63931|64968|64983|118487,HNRNPD|PA2G4|RPL31|RPL35A|MRPL18|MRPL22|MRPL27|MRPS17|MRPS23|MRPS14|MRPS6|MRPL32|CHCHD1,-7.1
Input ID,GO Cellular Components,20,GO:0005740,mitochondrial envelope,-9.5,9.9,10,24152,739,43,13,30,7,29074|29078|29093|51264|51373|51649|55847|55967|63931|64968|64983|118487|131474,MRPL18|NDUFAF4|MRPL22|MRPL27|MRPS17|MRPS23|CISD1|NDUFA12|MRPS14|MRPS6|MRPL32|CHCHD1|CHCHD4,-7
Input ID,GO Biological Processes,19,GO:0043043,peptide biosynthetic process,-9.5,9.9,10,24152,740,43,13,30,7,3184|5036|6160|6165|29074|29093|51264|51373|51649|63931|64968|64983|118487,HNRNPD|PA2G4|RPL31|RPL35A|MRPL18|MRPL22|MRPL27|MRPS17|MRPS23|MRPS14|MRPS6|MRPL32|CHCHD1,-7
Input ID,GO Cellular Components,20,GO:0005743,mitochondrial inner membrane,-9.3,13,11,24152,471,43,11,26,6.7,29074|29078|29093|51264|51373|51649|55967|63931|64968|64983|118487,MRPL18|NDUFAF4|MRPL22|MRPL27|MRPS17|MRPS23|NDUFA12|MRPS14|MRPS6|MRPL32|CHCHD1,-6.8
Input ID,GO Cellular Components,20,GO:0098798,mitochondrial protein complex,-9.1,19,13,24152,264,43,9,21,6.2,29074|29093|51264|51373|55967|63931|64968|64983|118487,MRPL18|MRPL22|MRPL27|MRPS17|NDUFA12|MRPS14|MRPS6|MRPL32|CHCHD1,-6.5
Input ID,GO Cellular Components,20,GO:0019866,organelle inner membrane,-8.8,12,10,24152,530,43,11,26,6.7,29074|29078|29093|51264|51373|51649|55967|63931|64968|64983|118487,MRPL18|NDUFAF4|MRPL22|MRPL27|MRPS17|MRPS23|NDUFA12|MRPS14|MRPS6|MRPL32|CHCHD1,-6.2
Input ID,GO Cellular Components,20,GO:0031966,mitochondrial membrane,-8.7,9.7,9.8,24152,697,43,12,28,6.8,29074|29078|29093|51264|51373|51649|55847|55967|63931|64968|64983|118487,MRPL18|NDUFAF4|MRPL22|MRPL27|MRPS17|MRPS23|CISD1|NDUFA12|MRPS14|MRPS6|MRPL32|CHCHD1,-6.1
Input ID,GO Biological Processes,19,GO:0032984,protein-containing complex disassembly,-8.3,15,11,24152,330,43,9,21,6.2,29074|29093|51264|51373|51649|63931|64968|64983|118487,MRPL18|MRPL22|MRPL27|MRPS17|MRPS23|MRPS14|MRPS6|MRPL32|CHCHD1,-5.7
Input ID,GO Cellular Components,20,GO:0015934,large ribosomal subunit,-7.2,28,13,24152,120,43,6,14,5.3,6160|6165|29074|29093|51264|64983,RPL31|RPL35A|MRPL18|MRPL22|MRPL27|MRPL32,-4.6
Input ID,GO Cellular Components,20,GO:0005759,mitochondrial matrix,-7,11,9.1,24152,465,43,9,21,6.2,27292|29074|29093|51264|51373|63931|64968|64983|118487,DIMT1|MRPL18|MRPL22|MRPL27|MRPS17|MRPS14|MRPS6|MRPL32|CHCHD1,-4.5
Input ID,GO Biological Processes,19,GO:0022411,cellular component disassembly,-6.4,9.3,8.3,24152,543,43,9,21,6.2,29074|29093|51264|51373|51649|63931|64968|64983|118487,MRPL18|MRPL22|MRPL27|MRPS17|MRPS23|MRPS14|MRPS6|MRPL32|CHCHD1,-3.9
Input ID,GO Cellular Components,20,GO:0000315,organellar large ribosomal subunit,-5.5,39,12,24152,57,43,4,9.3,4.4,29074|29093|51264|64983,MRPL18|MRPL22|MRPL27|MRPL32,-3.1
Input ID,GO Cellular Components,20,GO:0005762,mitochondrial large ribosomal subunit,-5.5,39,12,24152,57,43,4,9.3,4.4,29074|29093|51264|64983,MRPL18|MRPL22|MRPL27|MRPL32,-3.1
Input ID,GO Molecular Functions,21,GO:0097602,cullin family protein binding,-5.4,94,17,24152,18,43,3,7,3.9,6500|9978|200845,SKP1|RBX1|KCTD6,-3
Input ID,GO Molecular Functions,21,GO:0004842,ubiquitin-protein transferase activity,-5.3,10,7.7,24152,385,43,7,16,5.6,6500|7328|7332|7334|9978|26263|51255,SKP1|UBE2H|UBE2L3|UBE2N|RBX1|FBXO22|RNF181,-2.9
Input ID,GO Molecular Functions,21,GO:0019843,rRNA binding,-5.3,35,12,24152,64,43,4,9.3,4.4,29074|51119|51373|64968,MRPL18|SBDS|MRPS17|MRPS6,-2.9
Input ID,GO Molecular Functions,21,GO:0019787,ubiquitin-like protein transferase activity,-5.1,9.6,7.4,24152,409,43,7,16,5.6,6500|7328|7332|7334|9978|26263|51255,SKP1|UBE2H|UBE2L3|UBE2N|RBX1|FBXO22|RNF181,-2.7
Input ID,GO Biological Processes,19,GO:0042254,ribosome biogenesis,-5,12,7.7,24152,286,43,6,14,5.3,5036|6165|27292|29093|51118|51119,PA2G4|RPL35A|DIMT1|MRPL22|UTP11|SBDS,-2.6
Input ID,GO Cellular Components,20,GO:0000314,organellar small ribosomal subunit,-4.8,60,13,24152,28,43,3,7,3.9,51373|63931|64968,MRPS17|MRPS14|MRPS6,-2.4
Input ID,GO Cellular Components,20,GO:0005763,mitochondrial small ribosomal subunit,-4.8,60,13,24152,28,43,3,7,3.9,51373|63931|64968,MRPS17|MRPS14|MRPS6,-2.4
Input ID,GO Biological Processes,19,GO:0000209,protein polyubiquitination,-4.8,11,7.4,24152,309,43,6,14,5.3,6500|7328|7332|7334|9978|26263,SKP1|UBE2H|UBE2L3|UBE2N|RBX1|FBXO22,-2.4
Input ID,GO Biological Processes,19,GO:0006364,rRNA processing,-4.5,14,7.7,24152,207,43,5,12,4.9,5036|6165|27292|51118|51119,PA2G4|RPL35A|DIMT1|UTP11|SBDS,-2.1
Input ID,GO Molecular Functions,21,GO:0061631,ubiquitin conjugating enzyme activity,-4.4,44,11,24152,38,43,3,7,3.9,7328|7332|7334,UBE2H|UBE2L3|UBE2N,-2
Input ID,GO Molecular Functions,21,GO:0061650,ubiquitin-like protein conjugating enzyme activity,-4.3,42,11,24152,40,43,3,7,3.9,7328|7332|7334,UBE2H|UBE2L3|UBE2N,-1.9
Input ID,GO Biological Processes,19,GO:0016072,rRNA metabolic process,-4.2,12,7,24152,243,43,5,12,4.9,5036|6165|27292|51118|51119,PA2G4|RPL35A|DIMT1|UTP11|SBDS,-1.8
Input ID,GO Cellular Components,20,GO:0012507,ER to Golgi transport vesicle membrane,-3.7,27,8.7,24152,62,43,3,7,3.9,10175|10972|51014,CNIH1|TMED10|TMED7,-1.4
Input ID,GO Biological Processes,19,GO:0022613,ribonucleoprotein complex biogenesis,-3.7,6.9,5.6,24152,489,43,6,14,5.3,5036|6165|27292|29093|51118|51119,PA2G4|RPL35A|DIMT1|MRPL22|UTP11|SBDS,-1.3
Input ID,GO Cellular Components,20,GO:0033116,endoplasmic reticulum-Golgi intermediate compartment membrane,-3.6,24,8.2,24152,70,43,3,7,3.9,10175|10972|51014,CNIH1|TMED10|TMED7,-1.2
Input ID,GO Cellular Components,20,GO:0015935,small ribosomal subunit,-3.5,23,8,24152,73,43,3,7,3.9,51373|63931|64968,MRPS17|MRPS14|MRPS6,-1.2
Input ID,GO Biological Processes,19,GO:0006890,"retrograde vesicle-mediated transport, Golgi to ER",-3.3,20,7.3,24152,86,43,3,7,3.9,10972|23760|51014,TMED10|PITPNB|TMED7,-0.96
Input ID,GO Biological Processes,19,GO:0034470,ncRNA processing,-3.2,7.3,5.3,24152,383,43,5,12,4.9,5036|6165|27292|51118|51119,PA2G4|RPL35A|DIMT1|UTP11|SBDS,-0.9
Input ID,GO Cellular Components,20,GO:0030134,COPII-coated ER to Golgi transport vesicle,-3.2,18,7,24152,93,43,3,7,3.9,10175|10972|51014,CNIH1|TMED10|TMED7,-0.87
Input ID,GO Biological Processes,19,GO:0006511,ubiquitin-dependent protein catabolic process,-3.1,5.5,4.8,24152,613,43,6,14,5.3,6500|7328|7332|9978|26263|200845,SKP1|UBE2H|UBE2L3|RBX1|FBXO22|KCTD6,-0.81
Input ID,GO Biological Processes,19,GO:0019941,modification-dependent protein catabolic process,-3.1,5.4,4.7,24152,619,43,6,14,5.3,6500|7328|7332|9978|26263|200845,SKP1|UBE2H|UBE2L3|RBX1|FBXO22|KCTD6,-0.79
Input ID,GO Biological Processes,19,GO:0070498,interleukin-1-mediated signaling pathway,-3.1,17,6.7,24152,101,43,3,7,3.9,6500|7334|9978,SKP1|UBE2N|RBX1,-0.78
Input ID,GO Biological Processes,19,GO:0006900,vesicle budding from membrane,-3.1,17,6.6,24152,102,43,3,7,3.9,8724|10175|10972,SNX3|CNIH1|TMED10,-0.77
Input ID,GO Biological Processes,19,GO:0043632,modification-dependent macromolecule catabolic process,-3.1,5.3,4.7,24152,630,43,6,14,5.3,6500|7328|7332|9978|26263|200845,SKP1|UBE2H|UBE2L3|RBX1|FBXO22|KCTD6,-0.76
Input ID,GO Cellular Components,20,GO:0030660,Golgi-associated vesicle membrane,-3,15,6.3,24152,112,43,3,7,3.9,10175|10972|51014,CNIH1|TMED10|TMED7,-0.66
Input ID,GO Cellular Components,20,GO:0005793,endoplasmic reticulum-Golgi intermediate compartment,-2.9,14,6,24152,123,43,3,7,3.9,10175|10972|51014,CNIH1|TMED10|TMED7,-0.55
Input ID,GO Biological Processes,19,GO:0051603,proteolysis involved in cellular protein catabolic process,-2.8,4.8,4.3,24152,707,43,6,14,5.3,6500|7328|7332|9978|26263|200845,SKP1|UBE2H|UBE2L3|RBX1|FBXO22|KCTD6,-0.52
Input ID,GO Cellular Components,20,GO:0000151,ubiquitin ligase complex,-2.8,8,5,24152,281,43,4,9.3,4.4,6500|7332|7334|9978,SKP1|UBE2L3|UBE2N|RBX1,-0.51
Input ID,GO Cellular Components,20,GO:0030135,coated vesicle,-2.8,7.8,4.9,24152,287,43,4,9.3,4.4,8724|10175|10972|51014,SNX3|CNIH1|TMED10|TMED7,-0.48
Input ID,GO Molecular Functions,21,GO:0031625,ubiquitin protein ligase binding,-2.8,7.8,4.9,24152,288,43,4,9.3,4.4,5036|7332|7334|9978,PA2G4|UBE2L3|UBE2N|RBX1,-0.47
Input ID,GO Molecular Functions,21,GO:0044389,ubiquitin-like protein ligase binding,-2.7,7.3,4.7,24152,306,43,4,9.3,4.4,5036|7332|7334|9978,PA2G4|UBE2L3|UBE2N|RBX1,-0.38
Input ID,GO Biological Processes,19,GO:0044257,cellular protein catabolic process,-2.7,4.4,4.1,24152,761,43,6,14,5.3,6500|7328|7332|9978|26263|200845,SKP1|UBE2H|UBE2L3|RBX1|FBXO22|KCTD6,-0.38
Input ID,GO Cellular Components,20,GO:1990234,transferase complex,-2.6,4.3,4,24152,778,43,6,14,5.3,6500|6883|7332|7334|9978|117143,SKP1|TAF12|UBE2L3|UBE2N|RBX1|TADA1,-0.33
Input ID,GO Biological Processes,19,GO:0034660,ncRNA metabolic process,-2.5,5,4.1,24152,557,43,5,12,4.9,5036|6165|27292|51118|51119,PA2G4|RPL35A|DIMT1|UTP11|SBDS,-0.24
Input ID,GO Biological Processes,19,GO:0071347,cellular response to interleukin-1,-2.4,9.6,4.8,24152,176,43,3,7,3.9,6500|7334|9978,SKP1|UBE2N|RBX1,-0.14
Input ID,GO Cellular Components,20,GO:0005798,Golgi-associated vesicle,-2.4,9.5,4.8,24152,177,43,3,7,3.9,10175|10972|51014,CNIH1|TMED10|TMED7,-0.14
Input ID,GO Biological Processes,19,GO:0043687,post-translational protein modification,-2.4,6.2,4.2,24152,364,43,4,9.3,4.4,6500|9978|26263|200845,SKP1|RBX1|FBXO22|KCTD6,-0.13
Input ID,GO Cellular Components,20,GO:0030662,coated vesicle membrane,-2.4,9.4,4.8,24152,179,43,3,7,3.9,10175|10972|51014,CNIH1|TMED10|TMED7,-0.13
Input ID,GO Biological Processes,19,GO:0048193,Golgi vesicle transport,-2.4,6.1,4.1,24152,371,43,4,9.3,4.4,10175|10972|23760|51014,CNIH1|TMED10|PITPNB|TMED7,-0.11
Input ID,GO Biological Processes,19,GO:0045333,cellular respiration,-2.3,8.9,4.6,24152,190,43,3,7,3.9,55847|55967|131474,CISD1|NDUFA12|CHCHD4,-0.069
Input ID,GO Biological Processes,19,GO:0070555,response to interleukin-1,-2.3,8.5,4.5,24152,199,43,3,7,3.9,6500|7334|9978,SKP1|UBE2N|RBX1,-0.017
Input ID,GO Cellular Components,20,GO:0030658,transport vesicle membrane,-2.2,8.1,4.3,24152,209,43,3,7,3.9,10175|10972|51014,CNIH1|TMED10|TMED7,0
Input ID,GO Biological Processes,19,GO:0043161,proteasome-mediated ubiquitin-dependent protein catabolic process,-2.2,5.4,3.8,24152,414,43,4,9.3,4.4,6500|7328|9978|26263,SKP1|UBE2H|RBX1|FBXO22,0
Input ID,GO Biological Processes,19,GO:0006888,ER to Golgi vesicle-mediated transport,-2.2,7.8,4.2,24152,216,43,3,7,3.9,10175|10972|51014,CNIH1|TMED10|TMED7,0
Input ID,GO Molecular Functions,21,GO:0061630,ubiquitin protein ligase activity,-2.2,7.7,4.2,24152,218,43,3,7,3.9,6500|9978|51255,SKP1|RBX1|RNF181,0
Input ID,GO Biological Processes,19,GO:0006605,protein targeting,-2.2,5.2,3.7,24152,429,43,4,9.3,4.4,6160|6165|7332|131474,RPL31|RPL35A|UBE2L3|CHCHD4,0
Input ID,GO Molecular Functions,21,GO:0061659,ubiquitin-like protein ligase activity,-2.1,7.5,4.1,24152,224,43,3,7,3.9,6500|9978|51255,SKP1|RBX1|RNF181,0
Input ID,GO Biological Processes,19,GO:0006979,response to oxidative stress,-2.1,5,3.6,24152,450,43,4,9.3,4.4,3184|5052|55967|131474,HNRNPD|PRDX1|NDUFA12|CHCHD4,0
Input ID,GO Biological Processes,19,GO:0016570,histone modification,-2.1,5,3.6,24152,450,43,4,9.3,4.4,6500|6883|7334|117143,SKP1|TAF12|UBE2N|TADA1,0
Input ID,GO Biological Processes,19,GO:0010498,proteasomal protein catabolic process,-2,4.8,3.5,24152,470,43,4,9.3,4.4,6500|7328|9978|26263,SKP1|UBE2H|RBX1|FBXO22,0
Input ID,GO Biological Processes,19,GO:0016569,covalent chromatin modification,-2,4.8,3.5,24152,470,43,4,9.3,4.4,6500|6883|7334|117143,SKP1|TAF12|UBE2N|TADA1,0
Input ID_MCODE_ALL,GO Biological Processes,19,GO:0070125,mitochondrial translational elongation,-22,2.7e+02,49,24152,89,9,9,1e+02,10,29074|29093|51264|51373|51649|63931|64968|64983|118487,MRPL18|MRPL22|MRPL27|MRPS17|MRPS23|MRPS14|MRPS6|MRPL32|CHCHD1,-18
Input ID_MCODE_ALL,GO Biological Processes,19,GO:0070126,mitochondrial translational termination,-22,2.7e+02,49,24152,89,9,9,1e+02,10,29074|29093|51264|51373|51649|63931|64968|64983|118487,MRPL18|MRPL22|MRPL27|MRPS17|MRPS23|MRPS14|MRPS6|MRPL32|CHCHD1,-18
Input ID_MCODE_ALL,GO Biological Processes,19,GO:0006415,translational termination,-21,2.3e+02,46,24152,104,9,9,1e+02,10,29074|29093|51264|51373|51649|63931|64968|64983|118487,MRPL18|MRPL22|MRPL27|MRPS17|MRPS23|MRPS14|MRPS6|MRPL32|CHCHD1,-18
Input ID_MCODE_ALL,GO Biological Processes,19,GO:0006414,translational elongation,-20,1.8e+02,40,24152,135,9,9,1e+02,10,29074|29093|51264|51373|51649|63931|64968|64983|118487,MRPL18|MRPL22|MRPL27|MRPS17|MRPS23|MRPS14|MRPS6|MRPL32|CHCHD1,-17
Input ID_MCODE_ALL,GO Biological Processes,19,GO:0032543,mitochondrial translation,-20,1.8e+02,40,24152,135,9,9,1e+02,10,29074|29093|51264|51373|51649|63931|64968|64983|118487,MRPL18|MRPL22|MRPL27|MRPS17|MRPS23|MRPS14|MRPS6|MRPL32|CHCHD1,-17
Input ID_MCODE_ALL,GO Biological Processes,19,GO:0140053,mitochondrial gene expression,-20,1.5e+02,37,24152,160,9,9,1e+02,10,29074|29093|51264|51373|51649|63931|64968|64983|118487,MRPL18|MRPL22|MRPL27|MRPS17|MRPS23|MRPS14|MRPS6|MRPL32|CHCHD1,-16
Input ID_MCODE_ALL,GO Cellular Components,20,GO:0000313,organellar ribosome,-19,2.5e+02,44,24152,87,9,8,89,10,29074|29093|51264|51373|63931|64968|64983|118487,MRPL18|MRPL22|MRPL27|MRPS17|MRPS14|MRPS6|MRPL32|CHCHD1,-16
Input ID_MCODE_ALL,GO Cellular Components,20,GO:0005761,mitochondrial ribosome,-19,2.5e+02,44,24152,87,9,8,89,10,29074|29093|51264|51373|63931|64968|64983|118487,MRPL18|MRPL22|MRPL27|MRPS17|MRPS14|MRPS6|MRPL32|CHCHD1,-16
Input ID_MCODE_ALL,GO Biological Processes,19,GO:0043624,cellular protein complex disassembly,-18,1.1e+02,32,24152,217,9,9,1e+02,10,29074|29093|51264|51373|51649|63931|64968|64983|118487,MRPL18|MRPL22|MRPL27|MRPS17|MRPS23|MRPS14|MRPS6|MRPL32|CHCHD1,-15
Input ID_MCODE_ALL,GO Cellular Components,20,GO:0005840,ribosome,-18,89,28,24152,271,9,9,1e+02,10,29074|29093|51264|51373|51649|63931|64968|64983|118487,MRPL18|MRPL22|MRPL27|MRPS17|MRPS23|MRPS14|MRPS6|MRPL32|CHCHD1,-15
Input ID_MCODE_ALL,GO Biological Processes,19,GO:0032984,protein-containing complex disassembly,-17,73,25,24152,330,9,9,1e+02,10,29074|29093|51264|51373|51649|63931|64968|64983|118487,MRPL18|MRPL22|MRPL27|MRPS17|MRPS23|MRPS14|MRPS6|MRPL32|CHCHD1,-14
Input ID_MCODE_ALL,GO Molecular Functions,21,GO:0003735,structural constituent of ribosome,-16,1.1e+02,29,24152,201,9,8,89,10,29074|29093|51264|51373|51649|63931|64968|64983,MRPL18|MRPL22|MRPL27|MRPS17|MRPS23|MRPS14|MRPS6|MRPL32,-13
Input ID_MCODE_ALL,GO Cellular Components,20,GO:0005743,mitochondrial inner membrane,-15,51,21,24152,471,9,9,1e+02,10,29074|29093|51264|51373|51649|63931|64968|64983|118487,MRPL18|MRPL22|MRPL27|MRPS17|MRPS23|MRPS14|MRPS6|MRPL32|CHCHD1,-12
Input ID_MCODE_ALL,GO Cellular Components,20,GO:0019866,organelle inner membrane,-15,46,20,24152,530,9,9,1e+02,10,29074|29093|51264|51373|51649|63931|64968|64983|118487,MRPL18|MRPL22|MRPL27|MRPS17|MRPS23|MRPS14|MRPS6|MRPL32|CHCHD1,-12
Input ID_MCODE_ALL,GO Biological Processes,19,GO:0022411,cellular component disassembly,-15,44,20,24152,543,9,9,1e+02,10,29074|29093|51264|51373|51649|63931|64968|64983|118487,MRPL18|MRPL22|MRPL27|MRPS17|MRPS23|MRPS14|MRPS6|MRPL32|CHCHD1,-12
Input ID_MCODE_ALL,GO Cellular Components,20,GO:0098798,mitochondrial protein complex,-15,81,25,24152,264,9,8,89,10,29074|29093|51264|51373|63931|64968|64983|118487,MRPL18|MRPL22|MRPL27|MRPS17|MRPS14|MRPS6|MRPL32|CHCHD1,-12
Input ID_MCODE_ALL,GO Cellular Components,20,GO:0031966,mitochondrial membrane,-14,35,17,24152,697,9,9,1e+02,10,29074|29093|51264|51373|51649|63931|64968|64983|118487,MRPL18|MRPL22|MRPL27|MRPS17|MRPS23|MRPS14|MRPS6|MRPL32|CHCHD1,-11
Input ID_MCODE_ALL,GO Biological Processes,19,GO:0006412,translation,-14,34,17,24152,715,9,9,1e+02,10,29074|29093|51264|51373|51649|63931|64968|64983|118487,MRPL18|MRPL22|MRPL27|MRPS17|MRPS23|MRPS14|MRPS6|MRPL32|CHCHD1,-11
Input ID_MCODE_ALL,GO Cellular Components,20,GO:0005740,mitochondrial envelope,-14,33,17,24152,739,9,9,1e+02,10,29074|29093|51264|51373|51649|63931|64968|64983|118487,MRPL18|MRPL22|MRPL27|MRPS17|MRPS23|MRPS14|MRPS6|MRPL32|CHCHD1,-11
Input ID_MCODE_ALL,GO Biological Processes,19,GO:0043043,peptide biosynthetic process,-14,33,17,24152,740,9,9,1e+02,10,29074|29093|51264|51373|51649|63931|64968|64983|118487,MRPL18|MRPL22|MRPL27|MRPS17|MRPS23|MRPS14|MRPS6|MRPL32|CHCHD1,-11
Input ID_MCODE_ALL,GO Cellular Components,20,GO:0044391,ribosomal subunit,-13,98,26,24152,191,9,7,78,14,29074|29093|51264|51373|63931|64968|64983,MRPL18|MRPL22|MRPL27|MRPS17|MRPS14|MRPS6|MRPL32,-11
Input ID_MCODE_ALL,GO Cellular Components,20,GO:0005759,mitochondrial matrix,-13,46,19,24152,465,9,8,89,10,29074|29093|51264|51373|63931|64968|64983|118487,MRPL18|MRPL22|MRPL27|MRPS17|MRPS14|MRPS6|MRPL32|CHCHD1,-10
Input ID_MCODE_ALL,GO Cellular Components,20,GO:0005762,mitochondrial large ribosomal subunit,-8.5,1.9e+02,27,24152,57,9,4,44,17,29074|29093|51264|64983,MRPL18|MRPL22|MRPL27|MRPL32,-5.9
Input ID_MCODE_ALL,GO Cellular Components,20,GO:0000315,organellar large ribosomal subunit,-8.5,1.9e+02,27,24152,57,9,4,44,17,29074|29093|51264|64983,MRPL18|MRPL22|MRPL27|MRPL32,-5.9
Input ID_MCODE_ALL,GO Cellular Components,20,GO:0015934,large ribosomal subunit,-7.1,89,19,24152,120,9,4,44,17,29074|29093|51264|64983,MRPL18|MRPL22|MRPL27|MRPL32,-4.6
Input ID_MCODE_ALL,GO Cellular Components,20,GO:0005763,mitochondrial small ribosomal subunit,-6.9,2.9e+02,29,24152,28,9,3,33,16,51373|63931|64968,MRPS17|MRPS14|MRPS6,-4.5
Input ID_MCODE_ALL,GO Cellular Components,20,GO:0000314,organellar small ribosomal subunit,-6.9,2.9e+02,29,24152,28,9,3,33,16,51373|63931|64968,MRPS17|MRPS14|MRPS6,-4.5
Input ID_MCODE_ALL,GO Molecular Functions,21,GO:0019843,rRNA binding,-5.8,1.3e+02,19,24152,64,9,3,33,16,29074|51373|64968,MRPL18|MRPS17|MRPS6,-3.4
Input ID_MCODE_ALL,GO Cellular Components,20,GO:0015935,small ribosomal subunit,-5.7,1.1e+02,18,24152,73,9,3,33,16,51373|63931|64968,MRPS17|MRPS14|MRPS6,-3.2
Input ID_SUB1_MCODE_1,GO Biological Processes,19,GO:0070125,mitochondrial translational elongation,-22,2.7e+02,49,24152,89,9,9,1e+02,10,29074|29093|51264|51373|51649|63931|64968|64983|118487,MRPL18|MRPL22|MRPL27|MRPS17|MRPS23|MRPS14|MRPS6|MRPL32|CHCHD1,-18
Input ID_SUB1_MCODE_1,GO Biological Processes,19,GO:0070126,mitochondrial translational termination,-22,2.7e+02,49,24152,89,9,9,1e+02,10,29074|29093|51264|51373|51649|63931|64968|64983|118487,MRPL18|MRPL22|MRPL27|MRPS17|MRPS23|MRPS14|MRPS6|MRPL32|CHCHD1,-18
Input ID_SUB1_MCODE_1,GO Biological Processes,19,GO:0006415,translational termination,-21,2.3e+02,46,24152,104,9,9,1e+02,10,29074|29093|51264|51373|51649|63931|64968|64983|118487,MRPL18|MRPL22|MRPL27|MRPS17|MRPS23|MRPS14|MRPS6|MRPL32|CHCHD1,-18
Input ID_SUB1_MCODE_1,GO Biological Processes,19,GO:0006414,translational elongation,-20,1.8e+02,40,24152,135,9,9,1e+02,10,29074|29093|51264|51373|51649|63931|64968|64983|118487,MRPL18|MRPL22|MRPL27|MRPS17|MRPS23|MRPS14|MRPS6|MRPL32|CHCHD1,-17
Input ID_SUB1_MCODE_1,GO Biological Processes,19,GO:0032543,mitochondrial translation,-20,1.8e+02,40,24152,135,9,9,1e+02,10,29074|29093|51264|51373|51649|63931|64968|64983|118487,MRPL18|MRPL22|MRPL27|MRPS17|MRPS23|MRPS14|MRPS6|MRPL32|CHCHD1,-17
Input ID_SUB1_MCODE_1,GO Biological Processes,19,GO:0140053,mitochondrial gene expression,-20,1.5e+02,37,24152,160,9,9,1e+02,10,29074|29093|51264|51373|51649|63931|64968|64983|118487,MRPL18|MRPL22|MRPL27|MRPS17|MRPS23|MRPS14|MRPS6|MRPL32|CHCHD1,-16
Input ID_SUB1_MCODE_1,GO Cellular Components,20,GO:0005761,mitochondrial ribosome,-19,2.5e+02,44,24152,87,9,8,89,10,29074|29093|51264|51373|63931|64968|64983|118487,MRPL18|MRPL22|MRPL27|MRPS17|MRPS14|MRPS6|MRPL32|CHCHD1,-16
Input ID_SUB1_MCODE_1,GO Cellular Components,20,GO:0000313,organellar ribosome,-19,2.5e+02,44,24152,87,9,8,89,10,29074|29093|51264|51373|63931|64968|64983|118487,MRPL18|MRPL22|MRPL27|MRPS17|MRPS14|MRPS6|MRPL32|CHCHD1,-16
Input ID_SUB1_MCODE_1,GO Biological Processes,19,GO:0043624,cellular protein complex disassembly,-18,1.1e+02,32,24152,217,9,9,1e+02,10,29074|29093|51264|51373|51649|63931|64968|64983|118487,MRPL18|MRPL22|MRPL27|MRPS17|MRPS23|MRPS14|MRPS6|MRPL32|CHCHD1,-15
Input ID_SUB1_MCODE_1,GO Cellular Components,20,GO:0005840,ribosome,-18,89,28,24152,271,9,9,1e+02,10,29074|29093|51264|51373|51649|63931|64968|64983|118487,MRPL18|MRPL22|MRPL27|MRPS17|MRPS23|MRPS14|MRPS6|MRPL32|CHCHD1,-15
Input ID_SUB1_MCODE_1,GO Biological Processes,19,GO:0032984,protein-containing complex disassembly,-17,73,25,24152,330,9,9,1e+02,10,29074|29093|51264|51373|51649|63931|64968|64983|118487,MRPL18|MRPL22|MRPL27|MRPS17|MRPS23|MRPS14|MRPS6|MRPL32|CHCHD1,-14
Input ID_SUB1_MCODE_1,GO Molecular Functions,21,GO:0003735,structural constituent of ribosome,-16,1.1e+02,29,24152,201,9,8,89,10,29074|29093|51264|51373|51649|63931|64968|64983,MRPL18|MRPL22|MRPL27|MRPS17|MRPS23|MRPS14|MRPS6|MRPL32,-13
Input ID_SUB1_MCODE_1,GO Cellular Components,20,GO:0005743,mitochondrial inner membrane,-15,51,21,24152,471,9,9,1e+02,10,29074|29093|51264|51373|51649|63931|64968|64983|118487,MRPL18|MRPL22|MRPL27|MRPS17|MRPS23|MRPS14|MRPS6|MRPL32|CHCHD1,-12
Input ID_SUB1_MCODE_1,GO Cellular Components,20,GO:0019866,organelle inner membrane,-15,46,20,24152,530,9,9,1e+02,10,29074|29093|51264|51373|51649|63931|64968|64983|118487,MRPL18|MRPL22|MRPL27|MRPS17|MRPS23|MRPS14|MRPS6|MRPL32|CHCHD1,-12
Input ID_SUB1_MCODE_1,GO Biological Processes,19,GO:0022411,cellular component disassembly,-15,44,20,24152,543,9,9,1e+02,10,29074|29093|51264|51373|51649|63931|64968|64983|118487,MRPL18|MRPL22|MRPL27|MRPS17|MRPS23|MRPS14|MRPS6|MRPL32|CHCHD1,-12
Input ID_SUB1_MCODE_1,GO Cellular Components,20,GO:0098798,mitochondrial protein complex,-15,81,25,24152,264,9,8,89,10,29074|29093|51264|51373|63931|64968|64983|118487,MRPL18|MRPL22|MRPL27|MRPS17|MRPS14|MRPS6|MRPL32|CHCHD1,-12
Input ID_SUB1_MCODE_1,GO Cellular Components,20,GO:0031966,mitochondrial membrane,-14,35,17,24152,697,9,9,1e+02,10,29074|29093|51264|51373|51649|63931|64968|64983|118487,MRPL18|MRPL22|MRPL27|MRPS17|MRPS23|MRPS14|MRPS6|MRPL32|CHCHD1,-11
Input ID_SUB1_MCODE_1,GO Biological Processes,19,GO:0006412,translation,-14,34,17,24152,715,9,9,1e+02,10,29074|29093|51264|51373|51649|63931|64968|64983|118487,MRPL18|MRPL22|MRPL27|MRPS17|MRPS23|MRPS14|MRPS6|MRPL32|CHCHD1,-11
Input ID_SUB1_MCODE_1,GO Cellular Components,20,GO:0005740,mitochondrial envelope,-14,33,17,24152,739,9,9,1e+02,10,29074|29093|51264|51373|51649|63931|64968|64983|118487,MRPL18|MRPL22|MRPL27|MRPS17|MRPS23|MRPS14|MRPS6|MRPL32|CHCHD1,-11
Input ID_SUB1_MCODE_1,GO Biological Processes,19,GO:0043043,peptide biosynthetic process,-14,33,17,24152,740,9,9,1e+02,10,29074|29093|51264|51373|51649|63931|64968|64983|118487,MRPL18|MRPL22|MRPL27|MRPS17|MRPS23|MRPS14|MRPS6|MRPL32|CHCHD1,-11
Input ID_SUB1_MCODE_1,GO Cellular Components,20,GO:0044391,ribosomal subunit,-13,98,26,24152,191,9,7,78,14,29074|29093|51264|51373|63931|64968|64983,MRPL18|MRPL22|MRPL27|MRPS17|MRPS14|MRPS6|MRPL32,-11
Input ID_SUB1_MCODE_1,GO Cellular Components,20,GO:0005759,mitochondrial matrix,-13,46,19,24152,465,9,8,89,10,29074|29093|51264|51373|63931|64968|64983|118487,MRPL18|MRPL22|MRPL27|MRPS17|MRPS14|MRPS6|MRPL32|CHCHD1,-10
Input ID_SUB1_MCODE_1,GO Cellular Components,20,GO:0005762,mitochondrial large ribosomal subunit,-8.5,1.9e+02,27,24152,57,9,4,44,17,29074|29093|51264|64983,MRPL18|MRPL22|MRPL27|MRPL32,-5.9
Input ID_SUB1_MCODE_1,GO Cellular Components,20,GO:0000315,organellar large ribosomal subunit,-8.5,1.9e+02,27,24152,57,9,4,44,17,29074|29093|51264|64983,MRPL18|MRPL22|MRPL27|MRPL32,-5.9
Input ID_SUB1_MCODE_1,GO Cellular Components,20,GO:0015934,large ribosomal subunit,-7.1,89,19,24152,120,9,4,44,17,29074|29093|51264|64983,MRPL18|MRPL22|MRPL27|MRPL32,-4.6
Input ID_SUB1_MCODE_1,GO Cellular Components,20,GO:0005763,mitochondrial small ribosomal subunit,-6.9,2.9e+02,29,24152,28,9,3,33,16,51373|63931|64968,MRPS17|MRPS14|MRPS6,-4.5
Input ID_SUB1_MCODE_1,GO Cellular Components,20,GO:0000314,organellar small ribosomal subunit,-6.9,2.9e+02,29,24152,28,9,3,33,16,51373|63931|64968,MRPS17|MRPS14|MRPS6,-4.5
Input ID_SUB1_MCODE_1,GO Molecular Functions,21,GO:0019843,rRNA binding,-5.8,1.3e+02,19,24152,64,9,3,33,16,29074|51373|64968,MRPL18|MRPS17|MRPS6,-3.4
Input ID_SUB1_MCODE_1,GO Cellular Components,20,GO:0015935,small ribosomal subunit,-5.7,1.1e+02,18,24152,73,9,3,33,16,51373|63931|64968,MRPS17|MRPS14|MRPS6,-3.2
