_MEMBER_Input ID,_LogP_Input ID,GO,_PATTERN_,_RANK_,GiniIndex,Category,CategoryID,Description,LogP,Enrichment,Z-score,#TotalGeneInLibrary,#GeneInGO,#GeneInHitList,#GeneInGOAndHitList,%InGO,STDV %InGO,GeneID,Hits,Log(q-value),EvidenceCutoff,GROUP_ID,FirstInGroupByEnrichment,FirstInGroupByLogP,BestLogPInGroup,BestEnrichmentInGroup,URL
1,-3.90073131888896,GO:0030512,M1,1,0,GO Biological Processes,19,negative regulation of transforming growth factor beta receptor signaling pathway,-3.90073131888896,15.683116883116881,7.43938330434568,24152,80,77,4,5.194805194805195,2.529037901531666,5300|7314|10273|51341,PIN1|UBB|STUB1|ZBTB7A,0.0,0,1,1,1,-3.90073131888896,15.683116883116881,
1,-3.90073131888896,GO:0046332,M1,1,0,GO Molecular Functions,21,SMAD binding,-3.90073131888896,15.683116883116881,7.43938330434568,24152,80,77,4,5.194805194805195,2.529037901531666,5813|5814|10273|51341,PURA|PURB|STUB1|ZBTB7A,0.0,0,1,0,0,-3.90073131888896,15.683116883116881,
1,-3.8591097982447247,GO:1903845,M1,1,0,GO Biological Processes,19,negative regulation of cellular response to transforming growth factor beta stimulus,-3.8591097982447247,15.300601837187202,7.335892688495914,24152,82,77,4,5.194805194805195,2.529037901531666,5300|7314|10273|51341,PIN1|UBB|STUB1|ZBTB7A,0.0,0,1,0,0,-3.90073131888896,15.683116883116881,
1,-3.227019926890977,GO:0017015,M1,1,0,GO Biological Processes,19,regulation of transforming growth factor beta receptor signaling pathway,-3.227019926890977,10.455411255411255,5.872267920092347,24152,120,77,4,5.194805194805195,2.529037901531666,5300|7314|10273|51341,PIN1|UBB|STUB1|ZBTB7A,0.0,0,1,0,0,-3.90073131888896,15.683116883116881,
1,-3.2000284518331203,GO:1903844,M1,1,0,GO Biological Processes,19,regulation of cellular response to transforming growth factor beta stimulus,-3.2000284518331203,10.284011070896316,5.813911990577355,24152,122,77,4,5.194805194805195,2.529037901531666,5300|7314|10273|51341,PIN1|UBB|STUB1|ZBTB7A,0.0,0,1,0,0,-3.90073131888896,15.683116883116881,
1,-3.1735154049464933,GO:0090101,M1,1,0,GO Biological Processes,19,negative regulation of transmembrane receptor protein serine/threonine kinase signaling pathway,-3.1735154049464933,10.118139924591537,5.756891668156709,24152,124,77,4,5.194805194805195,2.529037901531666,5300|7314|10273|51341,PIN1|UBB|STUB1|ZBTB7A,0.0,0,1,0,0,-3.90073131888896,15.683116883116881,
1,-3.1092259317778903,GO:1903322,M1,1,0,GO Biological Processes,19,positive regulation of protein modification by small protein conjugation or removal,-3.1092259317778903,9.725963958522097,5.619846106132638,24152,129,77,4,5.194805194805195,2.529037901531666,5300|7314|10273|54472,PIN1|UBB|STUB1|TOLLIP,0.0,0,1,0,0,-3.90073131888896,15.683116883116881,
1,-2.7842572841264297,GO:0072331,M1,1,0,GO Biological Processes,19,signal transduction by p53 class mediator,-2.7842572841264297,5.8738265479838505,4.528901244973762,24152,267,77,5,6.4935064935064934,2.808116766843301,3276|4282|5300|7314|53615,PRMT1|MIF|PIN1|UBB|MBD3,0.0,0,1,0,0,-3.90073131888896,15.683116883116881,
1,-2.724258897703552,GO:0090288,M1,1,0,GO Biological Processes,19,negative regulation of cellular response to growth factor stimulus,-2.724258897703552,7.650300918593601,4.832768307205383,24152,164,77,4,5.194805194805195,2.529037901531666,5300|7314|10273|51341,PIN1|UBB|STUB1|ZBTB7A,0.0,0,1,0,0,-3.90073131888896,15.683116883116881,
1,-2.586455206643414,GO:1901796,M1,1,0,GO Biological Processes,19,regulation of signal transduction by p53 class mediator,-2.586455206643414,7.009214249437712,4.563654783023676,24152,179,77,4,5.194805194805195,2.529037901531666,4282|5300|7314|53615,MIF|PIN1|UBB|MBD3,0.0,0,1,0,0,-3.90073131888896,15.683116883116881,
1,-2.406290956408162,GO:0007179,M1,1,0,GO Biological Processes,19,transforming growth factor beta receptor signaling pathway,-2.406290956408162,6.242036570394778,4.220520590661477,24152,201,77,4,5.194805194805195,2.529037901531666,5300|7314|10273|51341,PIN1|UBB|STUB1|ZBTB7A,0.0,0,1,0,0,-3.90073131888896,15.683116883116881,
1,-2.2676514974890165,GO:0031398,M1,1,0,GO Biological Processes,19,positive regulation of protein ubiquitination,-2.2676514974890165,8.477360477360477,4.465430320635675,24152,111,77,3,3.896103896103896,2.20516148962829,5300|7314|10273,PIN1|UBB|STUB1,0.0,0,1,0,0,-3.90073131888896,15.683116883116881,
1,-2.254168759758645,GO:1903320,M1,1,0,GO Biological Processes,19,regulation of protein modification by small protein conjugation or removal,-2.254168759758645,5.651573651573651,3.937629167923012,24152,222,77,4,5.194805194805195,2.529037901531666,5300|7314|10273|54472,PIN1|UBB|STUB1|TOLLIP,0.0,0,1,0,0,-3.90073131888896,15.683116883116881,
1,-2.142721244791565,GO:0090092,M1,1,0,GO Biological Processes,19,regulation of transmembrane receptor protein serine/threonine kinase signaling pathway,-2.142721244791565,5.249578873009835,3.733856184998295,24152,239,77,4,5.194805194805195,2.529037901531666,5300|7314|10273|51341,PIN1|UBB|STUB1|ZBTB7A,0.0,0,1,0,0,-3.90073131888896,15.683116883116881,
1,-2.0694827878060664,GO:0071560,M1,1,0,GO Biological Processes,19,cellular response to transforming growth factor beta stimulus,-2.0694827878060664,4.998602990634862,3.6013628884965003,24152,251,77,4,5.194805194805195,2.529037901531666,5300|7314|10273|51341,PIN1|UBB|STUB1|ZBTB7A,0.0,0,1,0,0,-3.90073131888896,15.683116883116881,
1,-2.0286368187082755,GO:0071559,M1,1,0,GO Biological Processes,19,response to transforming growth factor beta,-2.0286368187082755,4.862981979261049,3.5279131010693745,24152,258,77,4,5.194805194805195,2.529037901531666,5300|7314|10273|51341,PIN1|UBB|STUB1|ZBTB7A,0.0,0,1,0,0,-3.90073131888896,15.683116883116881,
1,-3.607051882785259,GO:0044440,M1,1,0,GO Cellular Components,20,endosomal part,-3.607051882785259,4.834872256837574,4.994648463647122,24152,519,77,8,10.38961038961039,3.4772302661094012,388|527|7314|9230|80700|80772|81926|126003,RHOB|ATP6V0C|UBB|RAB11B|UBXN6|CPTP|ABHD17A|TRAPPC5,0.0,0,2,1,1,-3.607051882785259,7.032787839962727,
1,-3.131471086496305,GO:0016197,M1,1,0,GO Biological Processes,19,endosomal transport,-3.131471086496305,7.032787839962727,5.118444313593206,24152,223,77,5,6.4935064935064934,2.808116766843301,7314|9230|55111|80148|80700,UBB|RAB11B|PLEKHJ1|PQLC1|UBXN6,0.0,0,2,0,0,-3.607051882785259,7.032787839962727,
1,-3.123887094045704,GO:0010008,M1,1,0,GO Cellular Components,20,endosome membrane,-3.123887094045704,4.671566731141199,4.545911118855952,24152,470,77,7,9.090909090909092,3.276136227983851,388|527|7314|9230|80700|80772|81926,RHOB|ATP6V0C|UBB|RAB11B|UBXN6|CPTP|ABHD17A,0.0,0,2,0,0,-3.607051882785259,7.032787839962727,
1,-3.581437734766889,GO:0042769,M1,1,0,GO Biological Processes,19,"DNA damage response, detection of DNA damage",-3.581437734766889,24.127872127872127,8.174705796570299,24152,39,77,3,3.896103896103896,2.20516148962829,755|7314|64949,CFAP410|UBB|MRPS26,0.0,0,3,1,1,-3.581437734766889,24.127872127872127,
1,-2.0025397716064024,GO:0007017,M1,1,0,GO Biological Processes,19,microtubule-based process,-2.0025397716064024,2.927515151515151,3.0327158316499507,24152,750,77,7,9.090909090909092,3.276136227983851,755|5300|5813|7314|54461|91978|388552,CFAP410|PIN1|PURA|UBB|FBXW5|TPGS1|BLOC1S3,0.0,0,3,0,0,-3.581437734766889,24.127872127872127,
1,-3.386456370240119,GO:0000785,M1,1,0,GO Cellular Components,20,chromatin,-3.386456370240119,4.480890538033394,4.7133726108288325,24152,560,77,8,10.38961038961039,3.4772302661094012,3014|3727|8347|8971|9324|51341|53615|138151,H2AFX|JUND|HIST1H2BC|H1FX|HMGN3|ZBTB7A|MBD3|NACC2,0.0,0,4,1,1,-3.386456370240119,4.480890538033394,
1,-2.665194262986792,GO:0044454,M1,1,0,GO Cellular Components,20,nuclear chromosome part,-2.665194262986792,3.8860820595333867,3.925783263576967,24152,565,77,7,9.090909090909092,3.276136227983851,3014|3727|5813|5814|51341|53615|138151,H2AFX|JUND|PURA|PURB|ZBTB7A|MBD3|NACC2,0.0,0,4,0,0,-3.386456370240119,4.480890538033394,
1,-2.5158960844595533,GO:0000228,M1,1,0,GO Cellular Components,20,nuclear chromosome,-2.5158960844595533,3.653305097564665,3.7251994041824625,24152,601,77,7,9.090909090909092,3.276136227983851,3014|3727|5813|5814|51341|53615|138151,H2AFX|JUND|PURA|PURB|ZBTB7A|MBD3|NACC2,0.0,0,4,0,0,-3.386456370240119,4.480890538033394,
1,-2.4219482481834613,GO:0006325,M1,1,0,GO Biological Processes,19,chromatin organization,-2.4219482481834613,3.156350567671322,3.4964246637371623,24152,795,77,8,10.38961038961039,3.4772302661094012,3014|3276|8347|8971|9324|51341|53615|138151,H2AFX|PRMT1|HIST1H2BC|H1FX|HMGN3|ZBTB7A|MBD3|NACC2,0.0,0,4,0,0,-3.386456370240119,4.480890538033394,
1,-2.176176145953194,GO:0000790,M1,1,0,GO Cellular Components,20,nuclear chromatin,-2.176176145953194,4.227255224559807,3.5427049533693307,24152,371,77,5,6.4935064935064934,2.808116766843301,3014|3727|51341|53615|138151,H2AFX|JUND|ZBTB7A|MBD3|NACC2,0.0,0,4,0,0,-3.386456370240119,4.480890538033394,
1,-3.3356068450567995,GO:0032993,M1,1,0,GO Cellular Components,20,protein-DNA complex,-3.3356068450567995,7.802545712993473,5.476933223387019,24152,201,77,5,6.4935064935064934,2.808116766843301,3014|5813|5814|8347|8971,H2AFX|PURA|PURB|HIST1H2BC|H1FX,0.0,0,5,1,1,-3.3356068450567995,13.838044308632544,
1,-2.8711600178165257,GO:0005657,M1,1,0,GO Cellular Components,20,replication fork,-2.8711600178165257,13.838044308632544,5.9954086613336,24152,68,77,3,3.896103896103896,2.20516148962829,3014|5813|5814,H2AFX|PURA|PURB,0.0,0,5,0,0,-3.3356068450567995,13.838044308632544,
1,-2.5460815122911873,GO:0071103,M1,1,0,GO Biological Processes,19,DNA conformation change,-2.5460815122911873,5.1759461660451755,4.136860654869609,24152,303,77,5,6.4935064935064934,2.808116766843301,3014|5813|7314|8347|8971,H2AFX|PURA|UBB|HIST1H2BC|H1FX,0.0,0,5,0,0,-3.3356068450567995,13.838044308632544,
1,-2.3233349370644127,GO:0000786,M1,1,0,GO Cellular Components,20,nucleosome,-2.3233349370644127,8.877235971575594,4.596583357892394,24152,106,77,3,3.896103896103896,2.20516148962829,3014|8347|8971,H2AFX|HIST1H2BC|H1FX,0.0,0,5,0,0,-3.3356068450567995,13.838044308632544,
1,-2.235548895382527,GO:0044815,M1,1,0,GO Cellular Components,20,DNA packaging complex,-2.235548895382527,8.254272043745727,4.390630318576495,24152,114,77,3,3.896103896103896,2.20516148962829,3014|8347|8971,H2AFX|HIST1H2BC|H1FX,0.0,0,5,0,0,-3.3356068450567995,13.838044308632544,
1,-2.1055760366749268,GO:0065004,M1,1,0,GO Biological Processes,19,protein-DNA complex assembly,-2.1055760366749268,5.121017757752451,3.6665259323752415,24152,245,77,4,5.194805194805195,2.529037901531666,3014|7314|8347|8971,H2AFX|UBB|HIST1H2BC|H1FX,0.0,0,5,0,0,-3.3356068450567995,13.838044308632544,
1,-3.139358068054703,GO:0031492,M1,1,0,GO Molecular Functions,21,nucleosomal DNA binding,-3.139358068054703,17.108854781582053,6.763855111631099,24152,55,77,3,3.896103896103896,2.20516148962829,8971|9324|53615,H1FX|HMGN3|MBD3,0.0,0,6,1,1,-3.139358068054703,17.108854781582053,
1,-2.6377641667113894,GO:0031491,M1,1,0,GO Molecular Functions,21,nucleosome binding,-2.6377641667113894,11.475451377890401,5.37367504155865,24152,82,77,3,3.896103896103896,2.20516148962829,8971|9324|53615,H1FX|HMGN3|MBD3,0.0,0,6,0,0,-3.139358068054703,17.108854781582053,
1,-2.184060333127664,GO:0031490,M1,1,0,GO Molecular Functions,21,chromatin DNA binding,-2.184060333127664,7.907453890647167,4.271862403784627,24152,119,77,3,3.896103896103896,2.20516148962829,8971|9324|53615,H1FX|HMGN3|MBD3,0.0,0,6,0,0,-3.139358068054703,17.108854781582053,
1,-3.050206194263706,GO:2001244,M1,1,0,GO Biological Processes,19,positive regulation of intrinsic apoptotic signaling pathway,-3.050206194263706,15.948932423508694,6.501604058267512,24152,59,77,3,3.896103896103896,2.20516148962829,7314|51024|138151,UBB|FIS1|NACC2,0.0,0,7,1,1,-3.050206194263706,15.948932423508694,
1,-2.743694121306385,GO:2001242,M1,1,0,GO Biological Processes,19,regulation of intrinsic apoptotic signaling pathway,-2.743694121306385,7.74474907808241,4.871222357983136,24152,162,77,4,5.194805194805195,2.529037901531666,4282|7314|51024|138151,MIF|UBB|FIS1|NACC2,0.0,0,7,0,0,-3.050206194263706,15.948932423508694,
1,-2.349919200709665,GO:0051260,M1,1,0,GO Biological Processes,19,protein homooligomerization,-2.349919200709665,4.653743882230529,3.8199487154702325,24152,337,77,5,6.4935064935064934,2.808116766843301,3276|4282|51024|112939|138151,PRMT1|MIF|FIS1|NACC1|NACC2,0.0,0,7,0,0,-3.050206194263706,15.948932423508694,
1,-2.0483900768462595,GO:0051259,M1,1,0,GO Biological Processes,19,protein complex oligomerization,-2.0483900768462595,3.360667903525046,3.196511731168642,24152,560,77,6,7.792207792207792,3.0547010331402302,3276|4282|51024|56262|112939|138151,PRMT1|MIF|FIS1|LRRC8A|NACC1|NACC2,0.0,0,7,0,0,-3.050206194263706,15.948932423508694,
1,-3.0080985663185587,GO:0006914,M1,1,0,GO Biological Processes,19,autophagy,-3.0080985663185587,4.462675535846267,4.388506576482923,24152,492,77,7,9.090909090909092,3.276136227983851,527|10273|11140|51024|54472|80700|80772,ATP6V0C|STUB1|CDC37|FIS1|TOLLIP|UBXN6|CPTP,0.0,0,8,1,1,-3.0080985663185587,5.1252015957898305,
1,-3.0080985663185587,GO:0061919,M1,1,0,GO Biological Processes,19,process utilizing autophagic mechanism,-3.0080985663185587,4.462675535846267,4.388506576482923,24152,492,77,7,9.090909090909092,3.276136227983851,527|10273|11140|51024|54472|80700|80772,ATP6V0C|STUB1|CDC37|FIS1|TOLLIP|UBXN6|CPTP,0.0,0,8,0,0,-3.0080985663185587,5.1252015957898305,
1,-2.527745290262142,GO:0044389,M1,1,0,GO Molecular Functions,21,ubiquitin-like protein ligase binding,-2.527745290262142,5.1252015957898305,4.1070301794022255,24152,306,77,5,6.4935064935064934,2.808116766843301,527|6612|7314|10273|54472,ATP6V0C|SUMO3|UBB|STUB1|TOLLIP,0.0,0,8,0,0,-3.0080985663185587,5.1252015957898305,
1,-3.0080125356939593,GO:0019003,M1,1,0,GO Molecular Functions,21,GDP binding,-3.0080125356939593,15.426016606344474,6.379897555350268,24152,61,77,3,3.896103896103896,2.20516148962829,388|9230|57799,RHOB|RAB11B|RAB40C,0.0,0,9,1,1,-3.0080125356939593,15.426016606344474,
1,-2.8897642348389683,GO:0030166,M1,1,0,GO Biological Processes,19,proteoglycan biosynthetic process,-2.8897642348389683,14.044582283388252,6.046778027066983,24152,67,77,3,3.896103896103896,2.20516148962829,9394|55501|126792,HS6ST1|CHST12|B3GALT6,0.0,0,10,1,1,-2.8897642348389683,14.044582283388252,
1,-2.4959697149874907,GO:0006029,M1,1,0,GO Biological Processes,19,proteoglycan metabolic process,-2.4959697149874907,10.228119706380575,5.015209683016135,24152,92,77,3,3.896103896103896,2.20516148962829,9394|55501|126792,HS6ST1|CHST12|B3GALT6,0.0,0,10,0,0,-2.8897642348389683,14.044582283388252,
1,-2.31197080487162,GO:0006024,M1,1,0,GO Biological Processes,19,glycosaminoglycan biosynthetic process,-2.31197080487162,8.794271149411335,4.5696694041086685,24152,107,77,3,3.896103896103896,2.20516148962829,9394|55501|126792,HS6ST1|CHST12|B3GALT6,0.0,0,10,0,0,-2.8897642348389683,14.044582283388252,
1,-2.2568456222755136,GO:0006023,M1,1,0,GO Biological Processes,19,aminoglycan biosynthetic process,-2.2568456222755136,8.401669758812615,4.440186965042891,24152,112,77,3,3.896103896103896,2.20516148962829,9394|55501|126792,HS6ST1|CHST12|B3GALT6,0.0,0,10,0,0,-2.8897642348389683,14.044582283388252,
1,-2.659048717752098,GO:0019900,M1,1,0,GO Molecular Functions,21,kinase binding,-2.659048717752098,3.4515800568070163,3.7957994547788982,24152,727,77,8,10.38961038961039,3.4772302661094012,388|3276|5300|10273|11140|54461|54472|84922,RHOB|PRMT1|PIN1|STUB1|CDC37|FBXW5|TOLLIP|FIZ1,0.0,0,11,1,1,-2.659048717752098,3.4515800568070163,
1,-2.564662218033783,GO:0000313,M1,1,0,GO Cellular Components,20,organellar ribosome,-2.564662218033783,10.815942678011643,5.187146101546604,24152,87,77,3,3.896103896103896,2.20516148962829,10573|64949|64975,MRPL28|MRPS26|MRPL41,0.0,0,12,1,1,-2.564662218033783,10.815942678011643,
1,-2.564662218033783,GO:0005761,M1,1,0,GO Cellular Components,20,mitochondrial ribosome,-2.564662218033783,10.815942678011643,5.187146101546604,24152,87,77,3,3.896103896103896,2.20516148962829,10573|64949|64975,MRPL28|MRPS26|MRPL41,0.0,0,12,0,0,-2.564662218033783,10.815942678011643,
1,-2.536684342669043,GO:0070125,M1,1,0,GO Biological Processes,19,mitochondrial translational elongation,-2.536684342669043,10.572887786370933,5.116734228247676,24152,89,77,3,3.896103896103896,2.20516148962829,10573|64949|64975,MRPL28|MRPS26|MRPL41,0.0,0,12,0,0,-2.564662218033783,10.815942678011643,
1,-2.536684342669043,GO:0070126,M1,1,0,GO Biological Processes,19,mitochondrial translational termination,-2.536684342669043,10.572887786370933,5.116734228247676,24152,89,77,3,3.896103896103896,2.20516148962829,10573|64949|64975,MRPL28|MRPS26|MRPL41,0.0,0,12,0,0,-2.564662218033783,10.815942678011643,
1,-2.3464196995842763,GO:0006415,M1,1,0,GO Biological Processes,19,translational termination,-2.3464196995842763,9.047952047952048,4.651492678871084,24152,104,77,3,3.896103896103896,2.20516148962829,10573|64949|64975,MRPL28|MRPS26|MRPL41,0.0,0,12,0,0,-2.564662218033783,10.815942678011643,
1,-2.034122494098706,GO:0006414,M1,1,0,GO Biological Processes,19,translational elongation,-2.034122494098706,6.97027417027417,3.9339746255995163,24152,135,77,3,3.896103896103896,2.20516148962829,10573|64949|64975,MRPL28|MRPS26|MRPL41,0.0,0,12,0,0,-2.564662218033783,10.815942678011643,
1,-2.034122494098706,GO:0032543,M1,1,0,GO Biological Processes,19,mitochondrial translation,-2.034122494098706,6.97027417027417,3.9339746255995163,24152,135,77,3,3.896103896103896,2.20516148962829,10573|64949|64975,MRPL28|MRPS26|MRPL41,0.0,0,12,0,0,-2.564662218033783,10.815942678011643,
1,-2.456671040616807,GO:0036503,M1,1,0,GO Biological Processes,19,ERAD pathway,-2.456671040616807,9.905126452494873,4.918253764116601,24152,95,77,3,3.896103896103896,2.20516148962829,10273|80700|91304,STUB1|UBXN6|TMEM259,0.0,0,13,1,1,-2.456671040616807,9.905126452494873,
1,-2.409821355105274,GO:0010498,M1,1,0,GO Biological Processes,19,proteasomal protein catabolic process,-2.409821355105274,4.004200055263885,3.719618199679823,24152,470,77,6,7.792207792207792,3.0547010331402302,7314|10273|54461|80700|91304|149603,UBB|STUB1|FBXW5|UBXN6|TMEM259|RNF187,0.0,0,13,0,0,-2.456671040616807,9.905126452494873,
1,-2.135798839873376,GO:0051603,M1,1,0,GO Biological Processes,19,proteolysis involved in cellular protein catabolic process,-2.135798839873376,3.1055676996271053,3.2135389761508906,24152,707,77,7,9.090909090909092,3.276136227983851,7314|10273|54461|54472|80700|91304|149603,UBB|STUB1|FBXW5|TOLLIP|UBXN6|TMEM259|RNF187,0.0,0,13,0,0,-2.456671040616807,9.905126452494873,
1,-2.2785649397091765,GO:0000041,M1,1,0,GO Biological Processes,19,transition metal ion transport,-2.2785649397091765,8.554427390791027,4.490992927866595,24152,110,77,3,3.896103896103896,2.20516148962829,527|9230|29985,ATP6V0C|RAB11B|SLC39A3,0.0,0,14,1,1,-2.2785649397091765,8.554427390791027,
1,-2.2759154390488114,GO:0005765,M1,1,0,GO Cellular Components,20,lysosomal membrane,-2.2759154390488114,4.468124468124468,3.7015225992668874,24152,351,77,5,6.4935064935064934,2.808116766843301,527|79036|80700|126321|729991,ATP6V0C|KXD1|UBXN6|MFSD12|BORCS8,0.0,0,15,1,1,-2.2759154390488114,5.059069962295768,
1,-2.270766166671568,GO:0098852,M1,1,0,GO Cellular Components,20,lytic vacuole membrane,-2.270766166671568,4.45543093270366,3.6933021900411096,24152,352,77,5,6.4935064935064934,2.808116766843301,527|79036|80700|126321|729991,ATP6V0C|KXD1|UBXN6|MFSD12|BORCS8,0.0,0,15,0,0,-2.2759154390488114,5.059069962295768,
1,-2.0874011389899048,GO:0044445,M1,1,0,GO Cellular Components,20,cytosolic part,-2.0874011389899048,5.059069962295768,3.6336815259352706,24152,248,77,4,5.194805194805195,2.529037901531666,5300|79036|388552|729991,PIN1|KXD1|BLOC1S3|BORCS8,0.0,0,15,0,0,-2.2759154390488114,5.059069962295768,
1,-2.0483900768462595,GO:0044437,M1,1,0,GO Cellular Components,20,vacuolar part,-2.0483900768462595,3.360667903525046,3.196511731168642,24152,560,77,6,7.792207792207792,3.0547010331402302,527|54472|79036|80700|126321|729991,ATP6V0C|TOLLIP|KXD1|UBXN6|MFSD12|BORCS8,0.0,0,15,0,0,-2.2759154390488114,5.059069962295768,
1,-2.0208801977786863,GO:0005774,M1,1,0,GO Cellular Components,20,vacuolar membrane,-2.0208801977786863,3.872374539041205,3.2968104459783634,24152,405,77,5,6.4935064935064934,2.808116766843301,527|79036|80700|126321|729991,ATP6V0C|KXD1|UBXN6|MFSD12|BORCS8,0.0,0,15,0,0,-2.2759154390488114,5.059069962295768,
1,-2.149018119968986,GO:0031300,M1,1,0,GO Cellular Components,20,intrinsic component of organelle membrane,-2.149018119968986,5.271635927098111,3.745297927478449,24152,238,77,4,5.194805194805195,2.529037901531666,9230|51024|55501|81926,RAB11B|FIS1|CHST12|ABHD17A,0.0,0,16,1,1,-2.149018119968986,7.022291141694126,
1,-2.0428997361680192,GO:0071333,M1,1,0,GO Biological Processes,19,cellular response to glucose stimulus,-2.0428997361680192,7.022291141694126,3.9534431657310165,24152,134,77,3,3.896103896103896,2.20516148962829,9230|9324|51024,RAB11B|HMGN3|FIS1,0.0,0,16,0,0,-2.149018119968986,7.022291141694126,
1,-2.0254176878457884,GO:0071331,M1,1,0,GO Biological Processes,19,cellular response to hexose stimulus,-2.0254176878457884,6.919022154316272,3.914703335456422,24152,136,77,3,3.896103896103896,2.20516148962829,9230|9324|51024,RAB11B|HMGN3|FIS1,0.0,0,16,0,0,-2.149018119968986,7.022291141694126,
1,-2.016784246063386,GO:0071326,M1,1,0,GO Biological Processes,19,cellular response to monosaccharide stimulus,-2.016784246063386,6.868518342970897,3.895625752408562,24152,137,77,3,3.896103896103896,2.20516148962829,9230|9324|51024,RAB11B|HMGN3|FIS1,0.0,0,16,0,0,-2.149018119968986,7.022291141694126,
1,-2.081400158628435,GO:0048872,M1,1,0,GO Biological Processes,19,homeostasis of number of cells,-2.081400158628435,5.038752412246388,3.6228509922011005,24152,249,77,4,5.194805194805195,2.529037901531666,3276|4282|29985|51341,PRMT1|MIF|SLC39A3|ZBTB7A,0.0,0,17,1,1,-2.081400158628435,5.038752412246388,
