Category,CategoryID,GO,Description,LogP,Enrichment,Z-score,#TotalGeneInLibrary,#GeneInGO,#GeneInHitList,#GeneInGOAndHitList,%InGO,STDV %InGO,GeneID,Hits,Log(q-value),GeneList
GO Molecular Functions,21,GO:0046332,SMAD binding,-3.9,16,7.4,24152,80,77,4,5.2,2.5,5813|5814|10273|51341,PURA|PURB|STUB1|ZBTB7A,0,Input ID
GO Biological Processes,19,GO:0030512,negative regulation of transforming growth factor beta receptor signaling pathway,-3.9,16,7.4,24152,80,77,4,5.2,2.5,5300|7314|10273|51341,PIN1|UBB|STUB1|ZBTB7A,0,Input ID
GO Biological Processes,19,GO:1903845,negative regulation of cellular response to transforming growth factor beta stimulus,-3.9,15,7.3,24152,82,77,4,5.2,2.5,5300|7314|10273|51341,PIN1|UBB|STUB1|ZBTB7A,0,Input ID
GO Cellular Components,20,GO:0044440,endosomal part,-3.6,4.8,5,24152,519,77,8,10,3.5,388|527|7314|9230|80700|80772|81926|126003,RHOB|ATP6V0C|UBB|RAB11B|UBXN6|CPTP|ABHD17A|TRAPPC5,0,Input ID
GO Biological Processes,19,GO:0042769,"DNA damage response, detection of DNA damage",-3.6,24,8.2,24152,39,77,3,3.9,2.2,755|7314|64949,CFAP410|UBB|MRPS26,0,Input ID
GO Cellular Components,20,GO:0000785,chromatin,-3.4,4.5,4.7,24152,560,77,8,10,3.5,3014|3727|8347|8971|9324|51341|53615|138151,H2AFX|JUND|HIST1H2BC|H1FX|HMGN3|ZBTB7A|MBD3|NACC2,0,Input ID
GO Cellular Components,20,GO:0032993,protein-DNA complex,-3.3,7.8,5.5,24152,201,77,5,6.5,2.8,3014|5813|5814|8347|8971,H2AFX|PURA|PURB|HIST1H2BC|H1FX,0,Input ID
GO Biological Processes,19,GO:0017015,regulation of transforming growth factor beta receptor signaling pathway,-3.2,10,5.9,24152,120,77,4,5.2,2.5,5300|7314|10273|51341,PIN1|UBB|STUB1|ZBTB7A,0,Input ID
GO Biological Processes,19,GO:1903844,regulation of cellular response to transforming growth factor beta stimulus,-3.2,10,5.8,24152,122,77,4,5.2,2.5,5300|7314|10273|51341,PIN1|UBB|STUB1|ZBTB7A,0,Input ID
GO Biological Processes,19,GO:0090101,negative regulation of transmembrane receptor protein serine/threonine kinase signaling pathway,-3.2,10,5.8,24152,124,77,4,5.2,2.5,5300|7314|10273|51341,PIN1|UBB|STUB1|ZBTB7A,0,Input ID
GO Molecular Functions,21,GO:0031492,nucleosomal DNA binding,-3.1,17,6.8,24152,55,77,3,3.9,2.2,8971|9324|53615,H1FX|HMGN3|MBD3,0,Input ID
GO Biological Processes,19,GO:0016197,endosomal transport,-3.1,7,5.1,24152,223,77,5,6.5,2.8,7314|9230|55111|80148|80700,UBB|RAB11B|PLEKHJ1|PQLC1|UBXN6,0,Input ID
GO Cellular Components,20,GO:0010008,endosome membrane,-3.1,4.7,4.5,24152,470,77,7,9.1,3.3,388|527|7314|9230|80700|80772|81926,RHOB|ATP6V0C|UBB|RAB11B|UBXN6|CPTP|ABHD17A,0,Input ID
GO Biological Processes,19,GO:1903322,positive regulation of protein modification by small protein conjugation or removal,-3.1,9.7,5.6,24152,129,77,4,5.2,2.5,5300|7314|10273|54472,PIN1|UBB|STUB1|TOLLIP,0,Input ID
GO Biological Processes,19,GO:2001244,positive regulation of intrinsic apoptotic signaling pathway,-3.1,16,6.5,24152,59,77,3,3.9,2.2,7314|51024|138151,UBB|FIS1|NACC2,0,Input ID
GO Biological Processes,19,GO:0061919,process utilizing autophagic mechanism,-3,4.5,4.4,24152,492,77,7,9.1,3.3,527|10273|11140|51024|54472|80700|80772,ATP6V0C|STUB1|CDC37|FIS1|TOLLIP|UBXN6|CPTP,0,Input ID
GO Biological Processes,19,GO:0006914,autophagy,-3,4.5,4.4,24152,492,77,7,9.1,3.3,527|10273|11140|51024|54472|80700|80772,ATP6V0C|STUB1|CDC37|FIS1|TOLLIP|UBXN6|CPTP,0,Input ID
GO Molecular Functions,21,GO:0019003,GDP binding,-3,15,6.4,24152,61,77,3,3.9,2.2,388|9230|57799,RHOB|RAB11B|RAB40C,0,Input ID
GO Biological Processes,19,GO:0030166,proteoglycan biosynthetic process,-2.9,14,6,24152,67,77,3,3.9,2.2,9394|55501|126792,HS6ST1|CHST12|B3GALT6,0,Input ID
GO Cellular Components,20,GO:0005657,replication fork,-2.9,14,6,24152,68,77,3,3.9,2.2,3014|5813|5814,H2AFX|PURA|PURB,0,Input ID
GO Biological Processes,19,GO:0072331,signal transduction by p53 class mediator,-2.8,5.9,4.5,24152,267,77,5,6.5,2.8,3276|4282|5300|7314|53615,PRMT1|MIF|PIN1|UBB|MBD3,0,Input ID
GO Biological Processes,19,GO:2001242,regulation of intrinsic apoptotic signaling pathway,-2.7,7.7,4.9,24152,162,77,4,5.2,2.5,4282|7314|51024|138151,MIF|UBB|FIS1|NACC2,0,Input ID
GO Biological Processes,19,GO:0090288,negative regulation of cellular response to growth factor stimulus,-2.7,7.7,4.8,24152,164,77,4,5.2,2.5,5300|7314|10273|51341,PIN1|UBB|STUB1|ZBTB7A,0,Input ID
GO Cellular Components,20,GO:0044454,nuclear chromosome part,-2.7,3.9,3.9,24152,565,77,7,9.1,3.3,3014|3727|5813|5814|51341|53615|138151,H2AFX|JUND|PURA|PURB|ZBTB7A|MBD3|NACC2,0,Input ID
GO Molecular Functions,21,GO:0019900,kinase binding,-2.7,3.5,3.8,24152,727,77,8,10,3.5,388|3276|5300|10273|11140|54461|54472|84922,RHOB|PRMT1|PIN1|STUB1|CDC37|FBXW5|TOLLIP|FIZ1,0,Input ID
GO Molecular Functions,21,GO:0031491,nucleosome binding,-2.6,11,5.4,24152,82,77,3,3.9,2.2,8971|9324|53615,H1FX|HMGN3|MBD3,0,Input ID
GO Biological Processes,19,GO:1901796,regulation of signal transduction by p53 class mediator,-2.6,7,4.6,24152,179,77,4,5.2,2.5,4282|5300|7314|53615,MIF|PIN1|UBB|MBD3,0,Input ID
GO Cellular Components,20,GO:0000313,organellar ribosome,-2.6,11,5.2,24152,87,77,3,3.9,2.2,10573|64949|64975,MRPL28|MRPS26|MRPL41,0,Input ID
GO Cellular Components,20,GO:0005761,mitochondrial ribosome,-2.6,11,5.2,24152,87,77,3,3.9,2.2,10573|64949|64975,MRPL28|MRPS26|MRPL41,0,Input ID
GO Biological Processes,19,GO:0071103,DNA conformation change,-2.5,5.2,4.1,24152,303,77,5,6.5,2.8,3014|5813|7314|8347|8971,H2AFX|PURA|UBB|HIST1H2BC|H1FX,0,Input ID
GO Biological Processes,19,GO:0070125,mitochondrial translational elongation,-2.5,11,5.1,24152,89,77,3,3.9,2.2,10573|64949|64975,MRPL28|MRPS26|MRPL41,0,Input ID
GO Biological Processes,19,GO:0070126,mitochondrial translational termination,-2.5,11,5.1,24152,89,77,3,3.9,2.2,10573|64949|64975,MRPL28|MRPS26|MRPL41,0,Input ID
GO Molecular Functions,21,GO:0044389,ubiquitin-like protein ligase binding,-2.5,5.1,4.1,24152,306,77,5,6.5,2.8,527|6612|7314|10273|54472,ATP6V0C|SUMO3|UBB|STUB1|TOLLIP,0,Input ID
GO Cellular Components,20,GO:0000228,nuclear chromosome,-2.5,3.7,3.7,24152,601,77,7,9.1,3.3,3014|3727|5813|5814|51341|53615|138151,H2AFX|JUND|PURA|PURB|ZBTB7A|MBD3|NACC2,0,Input ID
GO Biological Processes,19,GO:0006029,proteoglycan metabolic process,-2.5,10,5,24152,92,77,3,3.9,2.2,9394|55501|126792,HS6ST1|CHST12|B3GALT6,0,Input ID
GO Biological Processes,19,GO:0036503,ERAD pathway,-2.5,9.9,4.9,24152,95,77,3,3.9,2.2,10273|80700|91304,STUB1|UBXN6|TMEM259,0,Input ID
GO Biological Processes,19,GO:0006325,chromatin organization,-2.4,3.2,3.5,24152,795,77,8,10,3.5,3014|3276|8347|8971|9324|51341|53615|138151,H2AFX|PRMT1|HIST1H2BC|H1FX|HMGN3|ZBTB7A|MBD3|NACC2,0,Input ID
GO Biological Processes,19,GO:0010498,proteasomal protein catabolic process,-2.4,4,3.7,24152,470,77,6,7.8,3.1,7314|10273|54461|80700|91304|149603,UBB|STUB1|FBXW5|UBXN6|TMEM259|RNF187,0,Input ID
GO Biological Processes,19,GO:0007179,transforming growth factor beta receptor signaling pathway,-2.4,6.2,4.2,24152,201,77,4,5.2,2.5,5300|7314|10273|51341,PIN1|UBB|STUB1|ZBTB7A,0,Input ID
GO Biological Processes,19,GO:0051260,protein homooligomerization,-2.3,4.7,3.8,24152,337,77,5,6.5,2.8,3276|4282|51024|112939|138151,PRMT1|MIF|FIS1|NACC1|NACC2,0,Input ID
GO Biological Processes,19,GO:0006415,translational termination,-2.3,9,4.7,24152,104,77,3,3.9,2.2,10573|64949|64975,MRPL28|MRPS26|MRPL41,0,Input ID
GO Cellular Components,20,GO:0000786,nucleosome,-2.3,8.9,4.6,24152,106,77,3,3.9,2.2,3014|8347|8971,H2AFX|HIST1H2BC|H1FX,0,Input ID
GO Biological Processes,19,GO:0006024,glycosaminoglycan biosynthetic process,-2.3,8.8,4.6,24152,107,77,3,3.9,2.2,9394|55501|126792,HS6ST1|CHST12|B3GALT6,0,Input ID
GO Biological Processes,19,GO:0000041,transition metal ion transport,-2.3,8.6,4.5,24152,110,77,3,3.9,2.2,527|9230|29985,ATP6V0C|RAB11B|SLC39A3,0,Input ID
GO Cellular Components,20,GO:0005765,lysosomal membrane,-2.3,4.5,3.7,24152,351,77,5,6.5,2.8,527|79036|80700|126321|729991,ATP6V0C|KXD1|UBXN6|MFSD12|BORCS8,0,Input ID
GO Cellular Components,20,GO:0098852,lytic vacuole membrane,-2.3,4.5,3.7,24152,352,77,5,6.5,2.8,527|79036|80700|126321|729991,ATP6V0C|KXD1|UBXN6|MFSD12|BORCS8,0,Input ID
GO Biological Processes,19,GO:0031398,positive regulation of protein ubiquitination,-2.3,8.5,4.5,24152,111,77,3,3.9,2.2,5300|7314|10273,PIN1|UBB|STUB1,0,Input ID
GO Biological Processes,19,GO:0006023,aminoglycan biosynthetic process,-2.3,8.4,4.4,24152,112,77,3,3.9,2.2,9394|55501|126792,HS6ST1|CHST12|B3GALT6,0,Input ID
GO Biological Processes,19,GO:1903320,regulation of protein modification by small protein conjugation or removal,-2.3,5.7,3.9,24152,222,77,4,5.2,2.5,5300|7314|10273|54472,PIN1|UBB|STUB1|TOLLIP,0,Input ID
GO Cellular Components,20,GO:0044815,DNA packaging complex,-2.2,8.3,4.4,24152,114,77,3,3.9,2.2,3014|8347|8971,H2AFX|HIST1H2BC|H1FX,0,Input ID
GO Molecular Functions,21,GO:0031490,chromatin DNA binding,-2.2,7.9,4.3,24152,119,77,3,3.9,2.2,8971|9324|53615,H1FX|HMGN3|MBD3,0,Input ID
GO Cellular Components,20,GO:0000790,nuclear chromatin,-2.2,4.2,3.5,24152,371,77,5,6.5,2.8,3014|3727|51341|53615|138151,H2AFX|JUND|ZBTB7A|MBD3|NACC2,0,Input ID
GO Cellular Components,20,GO:0031300,intrinsic component of organelle membrane,-2.1,5.3,3.7,24152,238,77,4,5.2,2.5,9230|51024|55501|81926,RAB11B|FIS1|CHST12|ABHD17A,0,Input ID
GO Biological Processes,19,GO:0090092,regulation of transmembrane receptor protein serine/threonine kinase signaling pathway,-2.1,5.2,3.7,24152,239,77,4,5.2,2.5,5300|7314|10273|51341,PIN1|UBB|STUB1|ZBTB7A,0,Input ID
GO Biological Processes,19,GO:0051603,proteolysis involved in cellular protein catabolic process,-2.1,3.1,3.2,24152,707,77,7,9.1,3.3,7314|10273|54461|54472|80700|91304|149603,UBB|STUB1|FBXW5|TOLLIP|UBXN6|TMEM259|RNF187,0,Input ID
GO Biological Processes,19,GO:0065004,protein-DNA complex assembly,-2.1,5.1,3.7,24152,245,77,4,5.2,2.5,3014|7314|8347|8971,H2AFX|UBB|HIST1H2BC|H1FX,0,Input ID
GO Cellular Components,20,GO:0044445,cytosolic part,-2.1,5.1,3.6,24152,248,77,4,5.2,2.5,5300|79036|388552|729991,PIN1|KXD1|BLOC1S3|BORCS8,0,Input ID
GO Biological Processes,19,GO:0048872,homeostasis of number of cells,-2.1,5,3.6,24152,249,77,4,5.2,2.5,3276|4282|29985|51341,PRMT1|MIF|SLC39A3|ZBTB7A,0,Input ID
GO Biological Processes,19,GO:0071560,cellular response to transforming growth factor beta stimulus,-2.1,5,3.6,24152,251,77,4,5.2,2.5,5300|7314|10273|51341,PIN1|UBB|STUB1|ZBTB7A,0,Input ID
GO Biological Processes,19,GO:0051259,protein complex oligomerization,-2,3.4,3.2,24152,560,77,6,7.8,3.1,3276|4282|51024|56262|112939|138151,PRMT1|MIF|FIS1|LRRC8A|NACC1|NACC2,0,Input ID
GO Cellular Components,20,GO:0044437,vacuolar part,-2,3.4,3.2,24152,560,77,6,7.8,3.1,527|54472|79036|80700|126321|729991,ATP6V0C|TOLLIP|KXD1|UBXN6|MFSD12|BORCS8,0,Input ID
GO Biological Processes,19,GO:0071333,cellular response to glucose stimulus,-2,7,4,24152,134,77,3,3.9,2.2,9230|9324|51024,RAB11B|HMGN3|FIS1,0,Input ID
GO Biological Processes,19,GO:0032543,mitochondrial translation,-2,7,3.9,24152,135,77,3,3.9,2.2,10573|64949|64975,MRPL28|MRPS26|MRPL41,0,Input ID
GO Biological Processes,19,GO:0006414,translational elongation,-2,7,3.9,24152,135,77,3,3.9,2.2,10573|64949|64975,MRPL28|MRPS26|MRPL41,0,Input ID
GO Biological Processes,19,GO:0071559,response to transforming growth factor beta,-2,4.9,3.5,24152,258,77,4,5.2,2.5,5300|7314|10273|51341,PIN1|UBB|STUB1|ZBTB7A,0,Input ID
GO Biological Processes,19,GO:0071331,cellular response to hexose stimulus,-2,6.9,3.9,24152,136,77,3,3.9,2.2,9230|9324|51024,RAB11B|HMGN3|FIS1,0,Input ID
GO Cellular Components,20,GO:0005774,vacuolar membrane,-2,3.9,3.3,24152,405,77,5,6.5,2.8,527|79036|80700|126321|729991,ATP6V0C|KXD1|UBXN6|MFSD12|BORCS8,0,Input ID
GO Biological Processes,19,GO:0071326,cellular response to monosaccharide stimulus,-2,6.9,3.9,24152,137,77,3,3.9,2.2,9230|9324|51024,RAB11B|HMGN3|FIS1,0,Input ID
GO Biological Processes,19,GO:0007017,microtubule-based process,-2,2.9,3,24152,750,77,7,9.1,3.3,755|5300|5813|7314|54461|91978|388552,CFAP410|PIN1|PURA|UBB|FBXW5|TPGS1|BLOC1S3,0,Input ID
