,_MEMBER_Input ID,_LogP_Input ID,GO,Description,_PATTERN_,_RANK_,GiniIndex
19_GO:0071331,1,-2,GO:0071331,cellular response to hexose stimulus,M1,1,0
19_GO:2001244,1,-3.1,GO:2001244,positive regulation of intrinsic apoptotic signaling pathway,M1,1,0
19_GO:0090288,1,-2.7,GO:0090288,negative regulation of cellular response to growth factor stimulus,M1,1,0
20_GO:0000228,1,-2.5,GO:0000228,nuclear chromosome,M1,1,0
19_GO:0048872,1,-2.1,GO:0048872,homeostasis of number of cells,M1,1,0
19_GO:0071333,1,-2,GO:0071333,cellular response to glucose stimulus,M1,1,0
19_GO:0006029,1,-2.5,GO:0006029,proteoglycan metabolic process,M1,1,0
19_GO:0061919,1,-3,GO:0061919,process utilizing autophagic mechanism,M1,1,0
19_GO:0010498,1,-2.4,GO:0010498,proteasomal protein catabolic process,M1,1,0
20_GO:0005761,1,-2.6,GO:0005761,mitochondrial ribosome,M1,1,0
19_GO:0070125,1,-2.5,GO:0070125,mitochondrial translational elongation,M1,1,0
20_GO:0044440,1,-3.6,GO:0044440,endosomal part,M1,1,0
21_GO:0031490,1,-2.2,GO:0031490,chromatin DNA binding,M1,1,0
19_GO:0006415,1,-2.3,GO:0006415,translational termination,M1,1,0
19_GO:0031398,1,-2.3,GO:0031398,positive regulation of protein ubiquitination,M1,1,0
19_GO:0072331,1,-2.8,GO:0072331,signal transduction by p53 class mediator,M1,1,0
20_GO:0010008,1,-3.1,GO:0010008,endosome membrane,M1,1,0
19_GO:0036503,1,-2.5,GO:0036503,ERAD pathway,M1,1,0
19_GO:0006914,1,-3,GO:0006914,autophagy,M1,1,0
19_GO:0071326,1,-2,GO:0071326,cellular response to monosaccharide stimulus,M1,1,0
19_GO:0070126,1,-2.5,GO:0070126,mitochondrial translational termination,M1,1,0
19_GO:1903844,1,-3.2,GO:1903844,regulation of cellular response to transforming growth factor beta stimulus,M1,1,0
20_GO:0044437,1,-2,GO:0044437,vacuolar part,M1,1,0
20_GO:0031300,1,-2.1,GO:0031300,intrinsic component of organelle membrane,M1,1,0
20_GO:0000313,1,-2.6,GO:0000313,organellar ribosome,M1,1,0
19_GO:0017015,1,-3.2,GO:0017015,regulation of transforming growth factor beta receptor signaling pathway,M1,1,0
19_GO:0051260,1,-2.3,GO:0051260,protein homooligomerization,M1,1,0
19_GO:1903322,1,-3.1,GO:1903322,positive regulation of protein modification by small protein conjugation or removal,M1,1,0
21_GO:0019900,1,-2.7,GO:0019900,kinase binding,M1,1,0
19_GO:0006024,1,-2.3,GO:0006024,glycosaminoglycan biosynthetic process,M1,1,0
19_GO:0042769,1,-3.6,GO:0042769,"DNA damage response, detection of DNA damage",M1,1,0
19_GO:0016197,1,-3.1,GO:0016197,endosomal transport,M1,1,0
19_GO:0071560,1,-2.1,GO:0071560,cellular response to transforming growth factor beta stimulus,M1,1,0
20_GO:0005657,1,-2.9,GO:0005657,replication fork,M1,1,0
19_GO:1903320,1,-2.3,GO:1903320,regulation of protein modification by small protein conjugation or removal,M1,1,0
19_GO:0030512,1,-3.9,GO:0030512,negative regulation of transforming growth factor beta receptor signaling pathway,M1,1,0
19_GO:0006023,1,-2.3,GO:0006023,aminoglycan biosynthetic process,M1,1,0
19_GO:1901796,1,-2.6,GO:1901796,regulation of signal transduction by p53 class mediator,M1,1,0
20_GO:0000785,1,-3.4,GO:0000785,chromatin,M1,1,0
19_GO:0071103,1,-2.5,GO:0071103,DNA conformation change,M1,1,0
20_GO:0032993,1,-3.3,GO:0032993,protein-DNA complex,M1,1,0
19_GO:0032543,1,-2,GO:0032543,mitochondrial translation,M1,1,0
19_GO:0051603,1,-2.1,GO:0051603,proteolysis involved in cellular protein catabolic process,M1,1,0
19_GO:0006325,1,-2.4,GO:0006325,chromatin organization,M1,1,0
21_GO:0019003,1,-3,GO:0019003,GDP binding,M1,1,0
21_GO:0046332,1,-3.9,GO:0046332,SMAD binding,M1,1,0
20_GO:0005774,1,-2,GO:0005774,vacuolar membrane,M1,1,0
20_GO:0005765,1,-2.3,GO:0005765,lysosomal membrane,M1,1,0
20_GO:0000790,1,-2.2,GO:0000790,nuclear chromatin,M1,1,0
21_GO:0031492,1,-3.1,GO:0031492,nucleosomal DNA binding,M1,1,0
19_GO:0090101,1,-3.2,GO:0090101,negative regulation of transmembrane receptor protein serine/threonine kinase signaling pathway,M1,1,0
19_GO:0007017,1,-2,GO:0007017,microtubule-based process,M1,1,0
20_GO:0098852,1,-2.3,GO:0098852,lytic vacuole membrane,M1,1,0
19_GO:2001242,1,-2.7,GO:2001242,regulation of intrinsic apoptotic signaling pathway,M1,1,0
21_GO:0044389,1,-2.5,GO:0044389,ubiquitin-like protein ligase binding,M1,1,0
19_GO:0000041,1,-2.3,GO:0000041,transition metal ion transport,M1,1,0
20_GO:0044815,1,-2.2,GO:0044815,DNA packaging complex,M1,1,0
19_GO:0090092,1,-2.1,GO:0090092,regulation of transmembrane receptor protein serine/threonine kinase signaling pathway,M1,1,0
19_GO:0007179,1,-2.4,GO:0007179,transforming growth factor beta receptor signaling pathway,M1,1,0
19_GO:0006414,1,-2,GO:0006414,translational elongation,M1,1,0
19_GO:0071559,1,-2,GO:0071559,response to transforming growth factor beta,M1,1,0
19_GO:0030166,1,-2.9,GO:0030166,proteoglycan biosynthetic process,M1,1,0
20_GO:0044454,1,-2.7,GO:0044454,nuclear chromosome part,M1,1,0
20_GO:0000786,1,-2.3,GO:0000786,nucleosome,M1,1,0
19_GO:1903845,1,-3.9,GO:1903845,negative regulation of cellular response to transforming growth factor beta stimulus,M1,1,0
21_GO:0031491,1,-2.6,GO:0031491,nucleosome binding,M1,1,0
19_GO:0051259,1,-2,GO:0051259,protein complex oligomerization,M1,1,0
20_GO:0044445,1,-2.1,GO:0044445,cytosolic part,M1,1,0
19_GO:0065004,1,-2.1,GO:0065004,protein-DNA complex assembly,M1,1,0
